Time,CORE_ZN ZN PSZ-AC-1:DesPer 1:Des Heat Mass Flow [kg/s],CORE_ZN ZN PSZ-AC-1:DesPer 1:Des Heat Cap [W],CORE_ZN ZN PSZ-AC-1:DesPer 1:Des Cool Mass Flow [kg/s],CORE_ZN ZN PSZ-AC-1:DesPer 1:Des Sens Cool Cap [W],CORE_ZN ZN PSZ-AC-1:DesPer 1:Des Tot Cool Cap [W],CORE_ZN ZN PSZ-AC-1:DesPer 2:Des Heat Mass Flow [kg/s],CORE_ZN ZN PSZ-AC-1:DesPer 2:Des Heat Cap [W],CORE_ZN ZN PSZ-AC-1:DesPer 2:Des Cool Mass Flow [kg/s],CORE_ZN ZN PSZ-AC-1:DesPer 2:Des Sens Cool Cap [W],CORE_ZN ZN PSZ-AC-1:DesPer 2:Des Tot Cool Cap [W],PERIMETER_ZN_1 ZN PSZ-AC-2:DesPer 1:Des Heat Mass Flow [kg/s],PERIMETER_ZN_1 ZN PSZ-AC-2:DesPer 1:Des Heat Cap [W],PERIMETER_ZN_1 ZN PSZ-AC-2:DesPer 1:Des Cool Mass Flow [kg/s],PERIMETER_ZN_1 ZN PSZ-AC-2:DesPer 1:Des Sens Cool Cap [W],PERIMETER_ZN_1 ZN PSZ-AC-2:DesPer 1:Des Tot Cool Cap [W],PERIMETER_ZN_1 ZN PSZ-AC-2:DesPer 2:Des Heat Mass Flow [kg/s],PERIMETER_ZN_1 ZN PSZ-AC-2:DesPer 2:Des Heat Cap [W],PERIMETER_ZN_1 ZN PSZ-AC-2:DesPer 2:Des Cool Mass Flow [kg/s],PERIMETER_ZN_1 ZN PSZ-AC-2:DesPer 2:Des Sens Cool Cap [W],PERIMETER_ZN_1 ZN PSZ-AC-2:DesPer 2:Des Tot Cool Cap [W],PERIMETER_ZN_2 ZN PSZ-AC-3:DesPer 1:Des Heat Mass Flow [kg/s],PERIMETER_ZN_2 ZN PSZ-AC-3:DesPer 1:Des Heat Cap [W],PERIMETER_ZN_2 ZN PSZ-AC-3:DesPer 1:Des Cool Mass Flow [kg/s],PERIMETER_ZN_2 ZN PSZ-AC-3:DesPer 1:Des Sens Cool Cap [W],PERIMETER_ZN_2 ZN PSZ-AC-3:DesPer 1:Des Tot Cool Cap [W],PERIMETER_ZN_2 ZN PSZ-AC-3:DesPer 2:Des Heat Mass Flow [kg/s],PERIMETER_ZN_2 ZN PSZ-AC-3:DesPer 2:Des Heat Cap [W],PERIMETER_ZN_2 ZN PSZ-AC-3:DesPer 2:Des Cool Mass Flow [kg/s],PERIMETER_ZN_2 ZN PSZ-AC-3:DesPer 2:Des Sens Cool Cap [W],PERIMETER_ZN_2 ZN PSZ-AC-3:DesPer 2:Des Tot Cool Cap [W],PERIMETER_ZN_3 ZN PSZ-AC-4:DesPer 1:Des Heat Mass Flow [kg/s],PERIMETER_ZN_3 ZN PSZ-AC-4:DesPer 1:Des Heat Cap [W],PERIMETER_ZN_3 ZN PSZ-AC-4:DesPer 1:Des Cool Mass Flow [kg/s],PERIMETER_ZN_3 ZN PSZ-AC-4:DesPer 1:Des Sens Cool Cap [W],PERIMETER_ZN_3 ZN PSZ-AC-4:DesPer 1:Des Tot Cool Cap [W],PERIMETER_ZN_3 ZN PSZ-AC-4:DesPer 2:Des Heat Mass Flow [kg/s],PERIMETER_ZN_3 ZN PSZ-AC-4:DesPer 2:Des Heat Cap [W],PERIMETER_ZN_3 ZN PSZ-AC-4:DesPer 2:Des Cool Mass Flow [kg/s],PERIMETER_ZN_3 ZN PSZ-AC-4:DesPer 2:Des Sens Cool Cap [W],PERIMETER_ZN_3 ZN PSZ-AC-4:DesPer 2:Des Tot Cool Cap [W],PERIMETER_ZN_4 ZN PSZ-AC-5:DesPer 1:Des Heat Mass Flow [kg/s],PERIMETER_ZN_4 ZN PSZ-AC-5:DesPer 1:Des Heat Cap [W],PERIMETER_ZN_4 ZN PSZ-AC-5:DesPer 1:Des Cool Mass Flow [kg/s],PERIMETER_ZN_4 ZN PSZ-AC-5:DesPer 1:Des Sens Cool Cap [W],PERIMETER_ZN_4 ZN PSZ-AC-5:DesPer 1:Des Tot Cool Cap [W],PERIMETER_ZN_4 ZN PSZ-AC-5:DesPer 2:Des Heat Mass Flow [kg/s],PERIMETER_ZN_4 ZN PSZ-AC-5:DesPer 2:Des Heat Cap [W],PERIMETER_ZN_4 ZN PSZ-AC-5:DesPer 2:Des Cool Mass Flow [kg/s],PERIMETER_ZN_4 ZN PSZ-AC-5:DesPer 2:Des Sens Cool Cap [W],PERIMETER_ZN_4 ZN PSZ-AC-5:DesPer 2:Des Tot Cool Cap [W]
00:10:00,7.586148E-02,2.090152E+03,3.448996E-01,3.751085E+03,5.167632E+03,7.586148E-02,5.054053E+03,7.586148E-02,0.000000E+00,0.000000E+00,5.750791E-02,1.584471E+03,2.229127E-01,2.413139E+03,3.605146E+03,1.691586E-01,7.072845E+03,5.750791E-02,0.000000E+00,0.000000E+00,3.411443E-02,9.399283E+02,1.412484E-01,1.532135E+03,2.258220E+03,1.002246E-01,4.192162E+03,3.411443E-02,0.000000E+00,0.000000E+00,5.750791E-02,1.584471E+03,2.179366E-01,2.357579E+03,3.549943E+03,1.692767E-01,7.076283E+03,5.750791E-02,0.000000E+00,0.000000E+00,3.411443E-02,9.399283E+02,1.579751E-01,1.718880E+03,2.459868E+03,1.011113E-01,4.217905E+03,3.411443E-02,0.000000E+00,0.000000E+00
00:20:00,7.586148E-02,2.097241E+03,3.443498E-01,3.737856E+03,5.153954E+03,7.586148E-02,5.054053E+03,7.586148E-02,0.000000E+00,0.000000E+00,5.750791E-02,1.589845E+03,2.214169E-01,2.391065E+03,3.581430E+03,1.691486E-01,7.072553E+03,5.750791E-02,0.000000E+00,0.000000E+00,3.411443E-02,9.431164E+02,1.401962E-01,1.517200E+03,2.242188E+03,1.002193E-01,4.192009E+03,3.411443E-02,0.000000E+00,0.000000E+00,5.750791E-02,1.589845E+03,2.164262E-01,2.335342E+03,3.525983E+03,1.692667E-01,7.075994E+03,5.750791E-02,0.000000E+00,0.000000E+00,3.411443E-02,9.431164E+02,1.564815E-01,1.699016E+03,2.438728E+03,1.011060E-01,4.217753E+03,3.411443E-02,0.000000E+00,0.000000E+00
00:30:00,7.586148E-02,2.104331E+03,3.438083E-01,3.724721E+03,5.140372E+03,7.586148E-02,5.054053E+03,7.586148E-02,0.000000E+00,0.000000E+00,5.750791E-02,1.595219E+03,2.199473E-01,2.369283E+03,3.558007E+03,1.691386E-01,7.072263E+03,5.750791E-02,0.000000E+00,0.000000E+00,3.411443E-02,9.463044E+02,1.391626E-01,1.502472E+03,2.226364E+03,1.002141E-01,4.191857E+03,3.411443E-02,0.000000E+00,0.000000E+00,5.750791E-02,1.595219E+03,2.149488E-01,2.313474E+03,3.502400E+03,1.692568E-01,7.075707E+03,5.750791E-02,0.000000E+00,0.000000E+00,3.411443E-02,9.463044E+02,1.550357E-01,1.679687E+03,2.418139E+03,1.011008E-01,4.217601E+03,3.411443E-02,0.000000E+00,0.000000E+00
00:40:00,7.586148E-02,2.111420E+03,3.432746E-01,3.711672E+03,5.126879E+03,7.586148E-02,5.054053E+03,7.586148E-02,0.000000E+00,0.000000E+00,5.750791E-02,1.600593E+03,2.185041E-01,2.347797E+03,3.534885E+03,1.691287E-01,7.071975E+03,5.750791E-02,0.000000E+00,0.000000E+00,3.411443E-02,9.494925E+02,1.381474E-01,1.487949E+03,2.210749E+03,1.002089E-01,4.191706E+03,3.411443E-02,0.000000E+00,0.000000E+00,5.750791E-02,1.600593E+03,2.135030E-01,2.291959E+03,3.479181E+03,1.692470E-01,7.075423E+03,5.750791E-02,0.000000E+00,0.000000E+00,3.411443E-02,9.494925E+02,1.536323E-01,1.660830E+03,2.398036E+03,1.010956E-01,4.217450E+03,3.411443E-02,0.000000E+00,0.000000E+00
00:50:00,7.586148E-02,2.118510E+03,3.427479E-01,3.698703E+03,5.113467E+03,7.586148E-02,5.054053E+03,7.586148E-02,0.000000E+00,0.000000E+00,5.750791E-02,1.605967E+03,2.170868E-01,2.326599E+03,3.512063E+03,1.691188E-01,7.071690E+03,5.750791E-02,0.000000E+00,0.000000E+00,3.411443E-02,9.526805E+02,1.371500E-01,1.473626E+03,2.195342E+03,1.002037E-01,4.191556E+03,3.411443E-02,0.000000E+00,0.000000E+00,5.750791E-02,1.605967E+03,2.120877E-01,2.270783E+03,3.456319E+03,1.692373E-01,7.075140E+03,5.750791E-02,0.000000E+00,0.000000E+00,3.411443E-02,9.526805E+02,1.522667E-01,1.642396E+03,2.378367E+03,1.010905E-01,4.217301E+03,3.411443E-02,0.000000E+00,0.000000E+00
01:00:00,7.586148E-02,2.125599E+03,3.422278E-01,3.685806E+03,5.100128E+03,7.586148E-02,5.054053E+03,7.586148E-02,0.000000E+00,0.000000E+00,5.750791E-02,1.611342E+03,2.156949E-01,2.305685E+03,3.489542E+03,1.691091E-01,7.071406E+03,5.750791E-02,0.000000E+00,0.000000E+00,3.411443E-02,9.558686E+02,1.361704E-01,1.459501E+03,2.180141E+03,1.001986E-01,4.191407E+03,3.411443E-02,0.000000E+00,0.000000E+00,5.750791E-02,1.611342E+03,2.107018E-01,2.249936E+03,3.433803E+03,1.692276E-01,7.074859E+03,5.750791E-02,0.000000E+00,0.000000E+00,3.411443E-02,9.558686E+02,1.509381E-01,1.624375E+03,2.359126E+03,1.010854E-01,4.217152E+03,3.411443E-02,0.000000E+00,0.000000E+00
01:10:00,7.586148E-02,2.130325E+03,3.417274E-01,3.675493E+03,5.089452E+03,7.586148E-02,5.054053E+03,7.586148E-02,0.000000E+00,0.000000E+00,5.750791E-02,1.614924E+03,2.143440E-01,2.287020E+03,3.469380E+03,1.691101E-01,7.071436E+03,5.750791E-02,0.000000E+00,0.000000E+00,3.411443E-02,9.579940E+02,1.352162E-01,1.446723E+03,2.166350E+03,1.001992E-01,4.191424E+03,3.411443E-02,0.000000E+00,0.000000E+00,5.750791E-02,1.614924E+03,2.093598E-01,2.231371E+03,3.413684E+03,1.692287E-01,7.074890E+03,5.750791E-02,0.000000E+00,0.000000E+00,3.411443E-02,9.579940E+02,1.496535E-01,1.607908E+03,2.341508E+03,1.010860E-01,4.217170E+03,3.411443E-02,0.000000E+00,0.000000E+00
01:20:00,7.586148E-02,2.135051E+03,3.412327E-01,3.665243E+03,5.078842E+03,7.586148E-02,5.054053E+03,7.586148E-02,0.000000E+00,0.000000E+00,5.750791E-02,1.618507E+03,2.130275E-01,2.268739E+03,3.449627E+03,1.691111E-01,7.071466E+03,5.750791E-02,0.000000E+00,0.000000E+00,3.411443E-02,9.601193E+02,1.342845E-01,1.434196E+03,2.152822E+03,1.001998E-01,4.191441E+03,3.411443E-02,0.000000E+00,0.000000E+00,5.750791E-02,1.618507E+03,2.080547E-01,2.213218E+03,3.394005E+03,1.692297E-01,7.074919E+03,5.750791E-02,0.000000E+00,0.000000E+00,3.411443E-02,9.601193E+02,1.484080E-01,1.591878E+03,2.324343E+03,1.010865E-01,4.217187E+03,3.411443E-02,0.000000E+00,0.000000E+00
01:30:00,7.586148E-02,2.139778E+03,3.407434E-01,3.655054E+03,5.068293E+03,7.586148E-02,5.054053E+03,7.586148E-02,0.000000E+00,0.000000E+00,5.750791E-02,1.622090E+03,2.117453E-01,2.250842E+03,3.430270E+03,1.691121E-01,7.071495E+03,5.750791E-02,0.000000E+00,0.000000E+00,3.411443E-02,9.622447E+02,1.333752E-01,1.421918E+03,2.139550E+03,1.002004E-01,4.191458E+03,3.411443E-02,0.000000E+00,0.000000E+00,5.750791E-02,1.622090E+03,2.067862E-01,2.195472E+03,3.374751E+03,1.692307E-01,7.074949E+03,5.750791E-02,0.000000E+00,0.000000E+00,3.411443E-02,9.622447E+02,1.472001E-01,1.576266E+03,2.307608E+03,1.010871E-01,4.217203E+03,3.411443E-02,0.000000E+00,0.000000E+00
01:40:00,7.586148E-02,2.144504E+03,3.402593E-01,3.644923E+03,5.057805E+03,7.586148E-02,5.054053E+03,7.586148E-02,0.000000E+00,0.000000E+00,5.750791E-02,1.625673E+03,2.104974E-01,2.233326E+03,3.411315E+03,1.691131E-01,7.071524E+03,5.750791E-02,0.000000E+00,0.000000E+00,3.411443E-02,9.643701E+02,1.324881E-01,1.409889E+03,2.126537E+03,1.002009E-01,4.191474E+03,3.411443E-02,0.000000E+00,0.000000E+00,5.750791E-02,1.625673E+03,2.055539E-01,2.178131E+03,3.355924E+03,1.692317E-01,7.074978E+03,5.750791E-02,0.000000E+00,0.000000E+00,3.411443E-02,9.643701E+02,1.460283E-01,1.561059E+03,2.291292E+03,1.010877E-01,4.217220E+03,3.411443E-02,0.000000E+00,0.000000E+00
01:50:00,7.586148E-02,2.149230E+03,3.397803E-01,3.634849E+03,5.047376E+03,7.586148E-02,5.054053E+03,7.586148E-02,0.000000E+00,0.000000E+00,5.750791E-02,1.629256E+03,2.092837E-01,2.216194E+03,3.392773E+03,1.691141E-01,7.071553E+03,5.750791E-02,0.000000E+00,0.000000E+00,3.411443E-02,9.664955E+02,1.316233E-01,1.398109E+03,2.113788E+03,1.002015E-01,4.191491E+03,3.411443E-02,0.000000E+00,0.000000E+00,5.750791E-02,1.629256E+03,2.043575E-01,2.161192E+03,3.337532E+03,1.692327E-01,7.075007E+03,5.750791E-02,0.000000E+00,0.000000E+00,3.411443E-02,9.664955E+02,1.448916E-01,1.546242E+03,2.275387E+03,1.010883E-01,4.217236E+03,3.411443E-02,0.000000E+00,0.000000E+00
02:00:00,7.586148E-02,2.153957E+03,3.393064E-01,3.624830E+03,5.037003E+03,7.586148E-02,5.054053E+03,7.586148E-02,0.000000E+00,0.000000E+00,5.750791E-02,1.632839E+03,2.081044E-01,2.199444E+03,3.374654E+03,1.691151E-01,7.071581E+03,5.750791E-02,0.000000E+00,0.000000E+00,3.411443E-02,9.686208E+02,1.307807E-01,1.386576E+03,2.101311E+03,1.002020E-01,4.191507E+03,3.411443E-02,0.000000E+00,0.000000E+00,5.750791E-02,1.632839E+03,2.031969E-01,2.144652E+03,3.319580E+03,1.692337E-01,7.075035E+03,5.750791E-02,0.000000E+00,0.000000E+00,3.411443E-02,9.686208E+02,1.437888E-01,1.531805E+03,2.259888E+03,1.010888E-01,4.217252E+03,3.411443E-02,0.000000E+00,0.000000E+00
02:10:00,7.586148E-02,2.157501E+03,3.388373E-01,3.616049E+03,5.027897E+03,7.586148E-02,5.054053E+03,7.586148E-02,0.000000E+00,0.000000E+00,5.750791E-02,1.635526E+03,2.069504E-01,2.183874E+03,3.357759E+03,1.691160E-01,7.071609E+03,5.750791E-02,0.000000E+00,0.000000E+00,3.411443E-02,9.702149E+02,1.299552E-01,1.375766E+03,2.089582E+03,1.002026E-01,4.191523E+03,3.411443E-02,0.000000E+00,0.000000E+00,5.750791E-02,1.635526E+03,2.020635E-01,2.129310E+03,3.302875E+03,1.692346E-01,7.075063E+03,5.750791E-02,0.000000E+00,0.000000E+00,3.411443E-02,9.702149E+02,1.427142E-01,1.518213E+03,2.245265E+03,1.010894E-01,4.217268E+03,3.411443E-02,0.000000E+00,0.000000E+00
02:20:00,7.586148E-02,2.161046E+03,3.383731E-01,3.607321E+03,5.018845E+03,7.586148E-02,5.054053E+03,7.586148E-02,0.000000E+00,0.000000E+00,5.750791E-02,1.638213E+03,2.058214E-01,2.168581E+03,3.341152E+03,1.691170E-01,7.071636E+03,5.750791E-02,0.000000E+00,0.000000E+00,3.411443E-02,9.718089E+02,1.291466E-01,1.365144E+03,2.078048E+03,1.002031E-01,4.191538E+03,3.411443E-02,0.000000E+00,0.000000E+00,5.750791E-02,1.638213E+03,2.009564E-01,2.114263E+03,3.286476E+03,1.692356E-01,7.075091E+03,5.750791E-02,0.000000E+00,0.000000E+00,3.411443E-02,9.718089E+02,1.416665E-01,1.504922E+03,2.230952E+03,1.010899E-01,4.217284E+03,3.411443E-02,0.000000E+00,0.000000E+00
02:30:00,7.586148E-02,2.164591E+03,3.379136E-01,3.598646E+03,5.009849E+03,7.586148E-02,5.054053E+03,7.586148E-02,0.000000E+00,0.000000E+00,5.750791E-02,1.640900E+03,2.047168E-01,2.153562E+03,3.324826E+03,1.691179E-01,7.071663E+03,5.750791E-02,0.000000E+00,0.000000E+00,3.411443E-02,9.734029E+02,1.283546E-01,1.354708E+03,2.066703E+03,1.002037E-01,4.191554E+03,3.411443E-02,0.000000E+00,0.000000E+00,5.750791E-02,1.640900E+03,1.998750E-01,2.099502E+03,3.270375E+03,1.692365E-01,7.075118E+03,5.750791E-02,0.000000E+00,0.000000E+00,3.411443E-02,9.734029E+02,1.406448E-01,1.491922E+03,2.216938E+03,1.010904E-01,4.217299E+03,3.411443E-02,0.000000E+00,0.000000E+00
02:40:00,7.586148E-02,2.168135E+03,3.374587E-01,3.590023E+03,5.000907E+03,7.586148E-02,5.054053E+03,7.586148E-02,0.000000E+00,0.000000E+00,5.750791E-02,1.643587E+03,2.036366E-01,2.138815E+03,3.308783E+03,1.691188E-01,7.071690E+03,5.750791E-02,0.000000E+00,0.000000E+00,3.411443E-02,9.749969E+02,1.275791E-01,1.344456E+03,2.055550E+03,1.002042E-01,4.191569E+03,3.411443E-02,0.000000E+00,0.000000E+00,5.750791E-02,1.643587E+03,1.988189E-01,2.085025E+03,3.254570E+03,1.692375E-01,7.075145E+03,5.750791E-02,0.000000E+00,0.000000E+00,3.411443E-02,9.749969E+02,1.396483E-01,1.479202E+03,2.203214E+03,1.010909E-01,4.217314E+03,3.411443E-02,0.000000E+00,0.000000E+00
02:50:00,7.586148E-02,2.171680E+03,3.370084E-01,3.581449E+03,4.992015E+03,7.586148E-02,5.054053E+03,7.586148E-02,0.000000E+00,0.000000E+00,5.750791E-02,1.646274E+03,2.025803E-01,2.124335E+03,3.293025E+03,1.691198E-01,7.071717E+03,5.750791E-02,0.000000E+00,0.000000E+00,3.411443E-02,9.765910E+02,1.268198E-01,1.334385E+03,2.044587E+03,1.002047E-01,4.191584E+03,3.411443E-02,0.000000E+00,0.000000E+00,5.750791E-02,1.646274E+03,1.977878E-01,2.070826E+03,3.239062E+03,1.692384E-01,7.075171E+03,5.750791E-02,0.000000E+00,0.000000E+00,3.411443E-02,9.765910E+02,1.386761E-01,1.466754E+03,2.189775E+03,1.010915E-01,4.217329E+03,3.411443E-02,0.000000E+00,0.000000E+00
03:00:00,7.586148E-02,2.175225E+03,3.365624E-01,3.572926E+03,4.983176E+03,7.586148E-02,5.054053E+03,7.586148E-02,0.000000E+00,0.000000E+00,5.750791E-02,1.648961E+03,2.015479E-01,2.110122E+03,3.277556E+03,1.691207E-01,7.071743E+03,5.750791E-02,0.000000E+00,0.000000E+00,3.411443E-02,9.781850E+02,1.260766E-01,1.324493E+03,2.033818E+03,1.002052E-01,4.191599E+03,3.411443E-02,0.000000E+00,0.000000E+00,5.750791E-02,1.648961E+03,1.967813E-01,2.056901E+03,3.223853E+03,1.692393E-01,7.075198E+03,5.750791E-02,0.000000E+00,0.000000E+00,3.411443E-02,9.781850E+02,1.377276E-01,1.454571E+03,2.176617E+03,1.010920E-01,4.217344E+03,3.411443E-02,0.000000E+00,0.000000E+00
03:10:00,7.586148E-02,2.178769E+03,3.361207E-01,3.564450E+03,4.974385E+03,7.586148E-02,5.054053E+03,7.586148E-02,0.000000E+00,0.000000E+00,5.750791E-02,1.651648E+03,2.005297E-01,2.096067E+03,3.262244E+03,1.691216E-01,7.071769E+03,5.750791E-02,0.000000E+00,0.000000E+00,3.411443E-02,9.797790E+02,1.253441E-01,1.314721E+03,2.023169E+03,1.002057E-01,4.191614E+03,3.411443E-02,0.000000E+00,0.000000E+00,5.750791E-02,1.651648E+03,1.957902E-01,2.043150E+03,3.208817E+03,1.692402E-01,7.075224E+03,5.750791E-02,0.000000E+00,0.000000E+00,3.411443E-02,9.797790E+02,1.367970E-01,1.442587E+03,2.163662E+03,1.010925E-01,4.217359E+03,3.411443E-02,0.000000E+00,0.000000E+00
03:20:00,7.586148E-02,2.182314E+03,3.356833E-01,3.556021E+03,4.965644E+03,7.586148E-02,5.054053E+03,7.586148E-02,0.000000E+00,0.000000E+00,5.750791E-02,1.654335E+03,1.995250E-01,2.082162E+03,3.247083E+03,1.691224E-01,7.071795E+03,5.750791E-02,0.000000E+00,0.000000E+00,3.411443E-02,9.813731E+02,1.246219E-01,1.305064E+03,2.012635E+03,1.002062E-01,4.191628E+03,3.411443E-02,0.000000E+00,0.000000E+00,5.750791E-02,1.654335E+03,1.948137E-01,2.029560E+03,3.193946E+03,1.692411E-01,7.075250E+03,5.750791E-02,0.000000E+00,0.000000E+00,3.411443E-02,9.813731E+02,1.358832E-01,1.430791E+03,2.150900E+03,1.010930E-01,4.217373E+03,3.411443E-02,0.000000E+00,0.000000E+00
03:30:00,7.586148E-02,2.185859E+03,3.352499E-01,3.547637E+03,4.956949E+03,7.586148E-02,5.054053E+03,7.586148E-02,0.000000E+00,0.000000E+00,5.750791E-02,1.657023E+03,1.985332E-01,2.068403E+03,3.232066E+03,1.691233E-01,7.071820E+03,5.750791E-02,0.000000E+00,0.000000E+00,3.411443E-02,9.829671E+02,1.239095E-01,1.295517E+03,2.002213E+03,1.002067E-01,4.191643E+03,3.411443E-02,0.000000E+00,0.000000E+00,5.750791E-02,1.657023E+03,1.938510E-01,2.016125E+03,3.179230E+03,1.692419E-01,7.075275E+03,5.750791E-02,0.000000E+00,0.000000E+00,3.411443E-02,9.829671E+02,1.349856E-01,1.419175E+03,2.138322E+03,1.010935E-01,4.217388E+03,3.411443E-02,0.000000E+00,0.000000E+00
03:40:00,7.586148E-02,2.189403E+03,3.348203E-01,3.539296E+03,4.948298E+03,7.586148E-02,5.054053E+03,7.586148E-02,0.000000E+00,0.000000E+00,5.750791E-02,1.659710E+03,1.975538E-01,2.054782E+03,3.217190E+03,1.691242E-01,7.071845E+03,5.750791E-02,0.000000E+00,0.000000E+00,3.411443E-02,9.845611E+02,1.232068E-01,1.286077E+03,1.991900E+03,1.002072E-01,4.191657E+03,3.411443E-02,0.000000E+00,0.000000E+00,5.750791E-02,1.659710E+03,1.929014E-01,2.002837E+03,3.164664E+03,1.692428E-01,7.075300E+03,5.750791E-02,0.000000E+00,0.000000E+00,3.411443E-02,9.845611E+02,1.341033E-01,1.407731E+03,2.125921E+03,1.010940E-01,4.217402E+03,3.411443E-02,0.000000E+00,0.000000E+00
03:50:00,7.586148E-02,2.192948E+03,3.343944E-01,3.530996E+03,4.939692E+03,7.586148E-02,5.054053E+03,7.586148E-02,0.000000E+00,0.000000E+00,5.750791E-02,1.662397E+03,1.965863E-01,2.041293E+03,3.202449E+03,1.691250E-01,7.071870E+03,5.750791E-02,0.000000E+00,0.000000E+00,3.411443E-02,9.861551E+02,1.225132E-01,1.276740E+03,1.981692E+03,1.002077E-01,4.191671E+03,3.411443E-02,0.000000E+00,0.000000E+00,5.750791E-02,1.662397E+03,1.919644E-01,1.989689E+03,3.150242E+03,1.692437E-01,7.075325E+03,5.750791E-02,0.000000E+00,0.000000E+00,3.411443E-02,9.861551E+02,1.332357E-01,1.396450E+03,2.113688E+03,1.010945E-01,4.217416E+03,3.411443E-02,0.000000E+00,0.000000E+00
04:00:00,7.586148E-02,2.196493E+03,3.339721E-01,3.522737E+03,4.931124E+03,7.586148E-02,5.054053E+03,7.586148E-02,0.000000E+00,0.000000E+00,5.750791E-02,1.665084E+03,1.956302E-01,2.027931E+03,3.187835E+03,1.691259E-01,7.071895E+03,5.750791E-02,0.000000E+00,0.000000E+00,3.411443E-02,9.877492E+02,1.218285E-01,1.267502E+03,1.971585E+03,1.002082E-01,4.191685E+03,3.411443E-02,0.000000E+00,0.000000E+00,5.750791E-02,1.665084E+03,1.910394E-01,1.976675E+03,3.135956E+03,1.692445E-01,7.075350E+03,5.750791E-02,0.000000E+00,0.000000E+00,3.411443E-02,9.877492E+02,1.323820E-01,1.385326E+03,2.101615E+03,1.010949E-01,4.217430E+03,3.411443E-02,0.000000E+00,0.000000E+00
04:10:00,7.586148E-02,2.198856E+03,3.335533E-01,3.515697E+03,4.923808E+03,7.586148E-02,5.054053E+03,7.586148E-02,0.000000E+00,0.000000E+00,5.750791E-02,1.666875E+03,1.946955E-01,2.015705E+03,3.174416E+03,1.691267E-01,7.071919E+03,5.750791E-02,0.000000E+00,0.000000E+00,3.411443E-02,9.888118E+02,1.211576E-01,1.258949E+03,1.962195E+03,1.002087E-01,4.191699E+03,3.411443E-02,0.000000E+00,0.000000E+00,5.750791E-02,1.666875E+03,1.901347E-01,1.964783E+03,3.122848E+03,1.692454E-01,7.075374E+03,5.750791E-02,0.000000E+00,0.000000E+00,3.411443E-02,9.888118E+02,1.315471E-01,1.374941E+03,2.090315E+03,1.010954E-01,4.217444E+03,3.411443E-02,0.000000E+00,0.000000E+00
04:20:00,7.586148E-02,2.201219E+03,3.331379E-01,3.508696E+03,4.916529E+03,7.586148E-02,5.054053E+03,7.586148E-02,0.000000E+00,0.000000E+00,5.750791E-02,1.668667E+03,1.937804E-01,2.003697E+03,3.161230E+03,1.691276E-01,7.071943E+03,5.750791E-02,0.000000E+00,0.000000E+00,3.411443E-02,9.898745E+02,1.205004E-01,1.250549E+03,1.952969E+03,1.002091E-01,4.191712E+03,3.411443E-02,0.000000E+00,0.000000E+00,5.750791E-02,1.668667E+03,1.892504E-01,1.953118E+03,3.109987E+03,1.692462E-01,7.075399E+03,5.750791E-02,0.000000E+00,0.000000E+00,3.411443E-02,9.898745E+02,1.307305E-01,1.364762E+03,2.079231E+03,1.010959E-01,4.217457E+03,3.411443E-02,0.000000E+00,0.000000E+00
04:30:00,7.586148E-02,2.203582E+03,3.327258E-01,3.501732E+03,4.909288E+03,7.586148E-02,5.054053E+03,7.586148E-02,0.000000E+00,0.000000E+00,5.750791E-02,1.670458E+03,1.928861E-01,1.991921E+03,3.148292E+03,1.691284E-01,7.071967E+03,5.750791E-02,0.000000E+00,0.000000E+00,3.411443E-02,9.909372E+02,1.198568E-01,1.242301E+03,1.943903E+03,1.002096E-01,4.191726E+03,3.411443E-02,0.000000E+00,0.000000E+00,5.750791E-02,1.670458E+03,1.883864E-01,1.941681E+03,3.097368E+03,1.692470E-01,7.075422E+03,5.750791E-02,0.000000E+00,0.000000E+00,3.411443E-02,9.909372E+02,1.299319E-01,1.354783E+03,2.068357E+03,1.010963E-01,4.217471E+03,3.411443E-02,0.000000E+00,0.000000E+00
04:40:00,7.586148E-02,2.205945E+03,3.323170E-01,3.494805E+03,4.902088E+03,7.586148E-02,5.054053E+03,7.586148E-02,0.000000E+00,0.000000E+00,5.750791E-02,1.672249E+03,1.920113E-01,1.980362E+03,3.135585E+03,1.691292E-01,7.071991E+03,5.750791E-02,0.000000E+00,0.000000E+00,3.411443E-02,9.919999E+02,1.192267E-01,1.234204E+03,1.934997E+03,1.002101E-01,4.191739E+03,3.411443E-02,0.000000E+00,0.000000E+00,5.750791E-02,1.672249E+03,1.875425E-01,1.930468E+03,3.084993E+03,1.692478E-01,7.075446E+03,5.750791E-02,0.000000E+00,0.000000E+00,3.411443E-02,9.919999E+02,1.291509E-01,1.345002E+03,2.057690E+03,1.010968E-01,4.217484E+03,3.411443E-02,0.000000E+00,0.000000E+00
04:50:00,7.586148E-02,2.208309E+03,3.319116E-01,3.487915E+03,4.894925E+03,7.586148E-02,5.054053E+03,7.586148E-02,0.000000E+00,0.000000E+00,5.750791E-02,1.674041E+03,1.911571E-01,1.969034E+03,3.123133E+03,1.691300E-01,7.072014E+03,5.750791E-02,0.000000E+00,0.000000E+00,3.411443E-02,9.930626E+02,1.186101E-01,1.226256E+03,1.926252E+03,1.002105E-01,4.191752E+03,3.411443E-02,0.000000E+00,0.000000E+00,5.750791E-02,1.674041E+03,1.867186E-01,1.919478E+03,3.072862E+03,1.692486E-01,7.075470E+03,5.750791E-02,0.000000E+00,0.000000E+00,3.411443E-02,9.930626E+02,1.283874E-01,1.335415E+03,2.047230E+03,1.010972E-01,4.217497E+03,3.411443E-02,0.000000E+00,0.000000E+00
05:00:00,7.586148E-02,2.210672E+03,3.315116E-01,3.481086E+03,4.887829E+03,7.586148E-02,5.054053E+03,7.586148E-02,0.000000E+00,0.000000E+00,5.750791E-02,1.675832E+03,1.904517E-01,1.959368E+03,3.112793E+03,1.691308E-01,7.072037E+03,5.750791E-02,0.000000E+00,0.000000E+00,3.411443E-02,9.941253E+02,1.181820E-01,1.220414E+03,1.920201E+03,1.002110E-01,4.191765E+03,3.411443E-02,0.000000E+00,0.000000E+00,5.750791E-02,1.675832E+03,1.861362E-01,1.911185E+03,3.064207E+03,1.692494E-01,7.075493E+03,5.750791E-02,0.000000E+00,0.000000E+00,3.411443E-02,9.941253E+02,1.276980E-01,1.326656E+03,2.037789E+03,1.010977E-01,4.217510E+03,3.411443E-02,0.000000E+00,0.000000E+00
05:10:00,7.586148E-02,2.208309E+03,3.311296E-01,3.479184E+03,4.885794E+03,7.586148E-02,5.054053E+03,7.586148E-02,0.000000E+00,0.000000E+00,5.750791E-02,1.674041E+03,1.899583E-01,1.955650E+03,3.108961E+03,1.691316E-01,7.072060E+03,5.750791E-02,0.000000E+00,0.000000E+00,3.411443E-02,9.930626E+02,1.183194E-01,1.223010E+03,1.924198E+03,1.002114E-01,4.191778E+03,3.411443E-02,0.000000E+00,0.000000E+00,5.750791E-02,1.674041E+03,1.861761E-01,1.913421E+03,3.067923E+03,1.692502E-01,7.075516E+03,5.750791E-02,0.000000E+00,0.000000E+00,3.411443E-02,9.930626E+02,1.271193E-01,1.321257E+03,2.031974E+03,1.010981E-01,4.217523E+03,3.411443E-02,0.000000E+00,0.000000E+00
05:20:00,7.586148E-02,2.205945E+03,3.307962E-01,3.477824E+03,4.884368E+03,7.586148E-02,5.054053E+03,7.586148E-02,0.000000E+00,0.000000E+00,5.750791E-02,1.672249E+03,1.897387E-01,1.954989E+03,3.108680E+03,1.691324E-01,7.072083E+03,5.750791E-02,0.000000E+00,0.000000E+00,3.411443E-02,9.919999E+02,1.196376E-01,1.238790E+03,1.944239E+03,1.002118E-01,4.191791E+03,3.411443E-02,0.000000E+00,0.000000E+00,5.750791E-02,1.672249E+03,1.871502E-01,1.926086E+03,3.084168E+03,1.692510E-01,7.075539E+03,5.750791E-02,0.000000E+00,0.000000E+00,3.411443E-02,9.919999E+02,1.266851E-01,1.317471E+03,2.027992E+03,1.010986E-01,4.217536E+03,3.411443E-02,0.000000E+00,0.000000E+00
05:30:00,7.586148E-02,2.203582E+03,3.305572E-01,3.477519E+03,4.884105E+03,7.586148E-02,5.054053E+03,7.586148E-02,0.000000E+00,0.000000E+00,5.750791E-02,1.670458E+03,1.898314E-01,1.957815E+03,3.112392E+03,1.691331E-01,7.072105E+03,5.750791E-02,0.000000E+00,0.000000E+00,3.411443E-02,9.909372E+02,1.225166E-01,1.271991E+03,1.984518E+03,1.002123E-01,4.191804E+03,3.411443E-02,0.000000E+00,0.000000E+00,5.750791E-02,1.670458E+03,1.892376E-01,1.951180E+03,3.114823E+03,1.692518E-01,7.075561E+03,5.750791E-02,0.000000E+00,0.000000E+00,3.411443E-02,9.909372E+02,1.264213E-01,1.315589E+03,2.026149E+03,1.010990E-01,4.217548E+03,3.411443E-02,0.000000E+00,0.000000E+00
05:40:00,7.586148E-02,2.201219E+03,3.304565E-01,3.478758E+03,4.885516E+03,7.586148E-02,5.054053E+03,7.586148E-02,0.000000E+00,0.000000E+00,5.750791E-02,1.668667E+03,1.902845E-01,1.964664E+03,3.120766E+03,1.691339E-01,7.072127E+03,5.750791E-02,0.000000E+00,0.000000E+00,3.411443E-02,9.898745E+02,1.269687E-01,1.322754E+03,2.044030E+03,1.002127E-01,4.191816E+03,3.411443E-02,0.000000E+00,0.000000E+00,5.750791E-02,1.668667E+03,1.922973E-01,1.987127E+03,3.157412E+03,1.692526E-01,7.075583E+03,5.750791E-02,0.000000E+00,0.000000E+00,3.411443E-02,9.898745E+02,1.263561E-01,1.315923E+03,2.026820E+03,1.010994E-01,4.217561E+03,3.411443E-02,0.000000E+00,0.000000E+00
05:50:00,7.586148E-02,2.198856E+03,3.305264E-01,3.481901E+03,4.888960E+03,7.586148E-02,5.054053E+03,7.586148E-02,0.000000E+00,0.000000E+00,5.750791E-02,1.666875E+03,1.911734E-01,1.976378E+03,3.134886E+03,1.691347E-01,7.072149E+03,5.750791E-02,0.000000E+00,0.000000E+00,3.411443E-02,9.888118E+02,1.334812E-01,1.396518E+03,2.129316E+03,1.002131E-01,4.191828E+03,3.411443E-02,0.000000E+00,0.000000E+00,5.750791E-02,1.666875E+03,1.964587E-01,2.035373E+03,3.214070E+03,1.692533E-01,7.075605E+03,5.750791E-02,0.000000E+00,0.000000E+00,3.411443E-02,9.888118E+02,1.265240E-01,1.318860E+03,2.030496E+03,1.010999E-01,4.217573E+03,3.411443E-02,0.000000E+00,0.000000E+00
06:00:00,7.586148E-02,2.196493E+03,3.307904E-01,3.487212E+03,4.894709E+03,7.586148E-02,5.054053E+03,7.586148E-02,0.000000E+00,0.000000E+00,5.750791E-02,1.665084E+03,1.923715E-01,1.991543E+03,3.152862E+03,1.691354E-01,7.072171E+03,5.750791E-02,0.000000E+00,0.000000E+00,3.411443E-02,9.877492E+02,1.417622E-01,1.490024E+03,2.235274E+03,1.002136E-01,4.191841E+03,3.411443E-02,0.000000E+00,0.000000E+00,5.750791E-02,1.665084E+03,2.012497E-01,2.090648E+03,3.278093E+03,1.692541E-01,7.075627E+03,5.750791E-02,0.000000E+00,0.000000E+00,3.411443E-02,9.877492E+02,1.268642E-01,1.323719E+03,2.036291E+03,1.011003E-01,4.217585E+03,3.411443E-02,0.000000E+00,0.000000E+00
06:10:00,7.586148E-02,2.188222E+03,3.312544E-01,3.500662E+03,4.908877E+03,7.586148E-02,5.054053E+03,7.586148E-02,0.000000E+00,0.000000E+00,5.750791E-02,1.658814E+03,1.938516E-01,2.014335E+03,3.178922E+03,1.691362E-01,7.072193E+03,5.750791E-02,0.000000E+00,0.000000E+00,3.411443E-02,9.840298E+02,1.514413E-01,1.601792E+03,2.359258E+03,1.002140E-01,4.191853E+03,3.411443E-02,0.000000E+00,0.000000E+00,5.750791E-02,1.658814E+03,2.061923E-01,2.152093E+03,3.347765E+03,1.692548E-01,7.075649E+03,5.750791E-02,0.000000E+00,0.000000E+00,3.411443E-02,9.840298E+02,1.273514E-01,1.332876E+03,2.046608E+03,1.011007E-01,4.217598E+03,3.411443E-02,0.000000E+00,0.000000E+00
06:20:00,7.586148E-02,2.179951E+03,3.318967E-01,3.516104E+03,4.925151E+03,7.586148E-02,5.054053E+03,7.586148E-02,0.000000E+00,0.000000E+00,5.750791E-02,1.652544E+03,1.955742E-01,2.039836E+03,3.207918E+03,1.691369E-01,7.072214E+03,5.750791E-02,0.000000E+00,0.000000E+00,3.411443E-02,9.803104E+02,1.618641E-01,1.721863E+03,2.489785E+03,1.002144E-01,4.191865E+03,3.411443E-02,0.000000E+00,0.000000E+00,5.750791E-02,1.652544E+03,2.108724E-01,2.210609E+03,3.413133E+03,1.692556E-01,7.075670E+03,5.750791E-02,0.000000E+00,0.000000E+00,3.411443E-02,9.803104E+02,1.279610E-01,1.343401E+03,2.058406E+03,1.011011E-01,4.217610E+03,3.411443E-02,0.000000E+00,0.000000E+00
06:30:00,7.586148E-02,2.171680E+03,3.326711E-01,3.533021E+03,4.942957E+03,7.586148E-02,5.054053E+03,7.586148E-02,0.000000E+00,0.000000E+00,5.750791E-02,1.646274E+03,1.975225E-01,2.067855E+03,3.239627E+03,1.691376E-01,7.072235E+03,5.750791E-02,0.000000E+00,0.000000E+00,3.411443E-02,9.765910E+02,1.725825E-01,1.845235E+03,2.621451E+03,1.002148E-01,4.191877E+03,3.411443E-02,0.000000E+00,0.000000E+00,5.750791E-02,1.646274E+03,2.149375E-01,2.262259E+03,3.469647E+03,1.692563E-01,7.075691E+03,5.750791E-02,0.000000E+00,0.000000E+00,3.411443E-02,9.765910E+02,1.286692E-01,1.355026E+03,2.071371E+03,1.011015E-01,4.217621E+03,3.411443E-02,0.000000E+00,0.000000E+00
06:40:00,7.586148E-02,2.163409E+03,3.335244E-01,3.550818E+03,4.961643E+03,7.586148E-02,5.054053E+03,7.586148E-02,0.000000E+00,0.000000E+00,5.750791E-02,1.640004E+03,1.996685E-01,2.098081E+03,3.273672E+03,1.691383E-01,7.072256E+03,5.750791E-02,0.000000E+00,0.000000E+00,3.411443E-02,9.728716E+02,1.835072E-01,1.970912E+03,2.753972E+03,1.002152E-01,4.191888E+03,3.411443E-02,0.000000E+00,0.000000E+00,5.750791E-02,1.640004E+03,2.183155E-01,2.306242E+03,3.516801E+03,1.692570E-01,7.075712E+03,5.750791E-02,0.000000E+00,0.000000E+00,3.411443E-02,9.728716E+02,1.294514E-01,1.367477E+03,2.085183E+03,1.011019E-01,4.217633E+03,3.411443E-02,0.000000E+00,0.000000E+00
06:50:00,7.586148E-02,2.155138E+03,3.343885E-01,3.568746E+03,4.980347E+03,7.586148E-02,5.054053E+03,7.586148E-02,0.000000E+00,0.000000E+00,5.750791E-02,1.633734E+03,2.019273E-01,2.129576E+03,3.308669E+03,1.691391E-01,7.072277E+03,5.750791E-02,0.000000E+00,0.000000E+00,3.411443E-02,9.691522E+02,1.940381E-01,2.092205E+03,2.879531E+03,1.002156E-01,4.191900E+03,3.411443E-02,0.000000E+00,0.000000E+00,5.750791E-02,1.633734E+03,2.207165E-01,2.339327E+03,3.551180E+03,1.692577E-01,7.075733E+03,5.750791E-02,0.000000E+00,0.000000E+00,3.411443E-02,9.691522E+02,1.302633E-01,1.380266E+03,2.099178E+03,1.011023E-01,4.217645E+03,3.411443E-02,0.000000E+00,0.000000E+00
07:00:00,7.586148E-02,2.146867E+03,3.352322E-01,3.586458E+03,4.999034E+03,7.586148E-02,5.054053E+03,7.586148E-02,0.000000E+00,0.000000E+00,5.750791E-02,1.627464E+03,2.044396E-01,2.163911E+03,3.347869E+03,1.691398E-01,7.072298E+03,5.750791E-02,0.000000E+00,0.000000E+00,3.411443E-02,9.654328E+02,2.043768E-01,2.211370E+03,3.007205E+03,1.002160E-01,4.191912E+03,3.411443E-02,0.000000E+00,0.000000E+00,5.750791E-02,1.627464E+03,2.224415E-01,2.364878E+03,3.579111E+03,1.692584E-01,7.075754E+03,5.750791E-02,0.000000E+00,0.000000E+00,3.411443E-02,9.654328E+02,1.311778E-01,1.394205E+03,2.114824E+03,1.011027E-01,4.217656E+03,3.411443E-02,0.000000E+00,0.000000E+00
07:10:00,7.586148E-02,2.126781E+03,3.360133E-01,3.615286E+03,5.028668E+03,7.586148E-02,5.054053E+03,7.586148E-02,0.000000E+00,0.000000E+00,5.750791E-02,1.612237E+03,2.075992E-01,2.214430E+03,3.399794E+03,1.657425E-01,6.973664E+03,5.750791E-02,0.000000E+00,0.000000E+00,3.411443E-02,9.563999E+02,2.146194E-01,2.334782E+03,3.126141E+03,9.795108E-02,4.126154E+03,3.411443E-02,0.000000E+00,0.000000E+00,5.750791E-02,1.612237E+03,2.239805E-01,2.397311E+03,3.608014E+03,1.657042E-01,6.972563E+03,5.750791E-02,0.000000E+00,0.000000E+00,3.411443E-02,9.563999E+02,1.324806E-01,1.417795E+03,2.137984E+03,9.883781E-02,4.151899E+03,3.411443E-02,0.000000E+00,0.000000E+00
07:20:00,7.586148E-02,2.106694E+03,3.366915E-01,3.642967E+03,5.057084E+03,7.586148E-02,5.054053E+03,7.586148E-02,0.000000E+00,0.000000E+00,5.750791E-02,1.597010E+03,2.109078E-01,2.266616E+03,3.438997E+03,1.623419E-01,6.874931E+03,5.750791E-02,0.000000E+00,0.000000E+00,3.411443E-02,9.473671E+02,2.243336E-01,2.452302E+03,3.220699E+03,9.568382E-02,4.060325E+03,3.411443E-02,0.000000E+00,0.000000E+00,5.750791E-02,1.597010E+03,2.250582E-01,2.424594E+03,3.615052E+03,1.621464E-01,6.869264E+03,5.750791E-02,0.000000E+00,0.000000E+00,3.411443E-02,9.473671E+02,1.338473E-01,1.442099E+03,2.151414E+03,9.657057E-02,4.086070E+03,3.411443E-02,0.000000E+00,0.000000E+00
07:30:00,7.586148E-02,2.086607E+03,3.372418E-01,3.669220E+03,5.083978E+03,7.586148E-02,5.054053E+03,7.586148E-02,0.000000E+00,0.000000E+00,5.750791E-02,1.581783E+03,2.143454E-01,2.320244E+03,3.476300E+03,1.589412E-01,6.776191E+03,5.750791E-02,0.000000E+00,0.000000E+00,3.411443E-02,9.383343E+02,2.334731E-01,2.563414E+03,3.308086E+03,9.341663E-02,3.994496E+03,3.411443E-02,0.000000E+00,0.000000E+00,5.750791E-02,1.581783E+03,2.260443E-01,2.450858E+03,3.618359E+03,1.585885E-01,6.765961E+03,5.750791E-02,0.000000E+00,0.000000E+00,3.411443E-02,9.383343E+02,1.352840E-01,1.467186E+03,2.163609E+03,9.430338E-02,4.020241E+03,3.411443E-02,0.000000E+00,0.000000E+00
07:40:00,7.586148E-02,2.066521E+03,3.376643E-01,3.694045E+03,5.109363E+03,7.586148E-02,5.054053E+03,7.586148E-02,0.000000E+00,0.000000E+00,5.750791E-02,1.566556E+03,2.178897E-01,2.375066E+03,3.519294E+03,1.555382E-01,6.677384E+03,5.750791E-02,0.000000E+00,0.000000E+00,3.411443E-02,9.293015E+02,2.420656E-01,2.668424E+03,3.399149E+03,9.114806E-02,3.928626E+03,3.411443E-02,0.000000E+00,0.000000E+00,5.750791E-02,1.566556E+03,2.272517E-01,2.479594E+03,3.630481E+03,1.550284E-01,6.662591E+03,5.750791E-02,0.000000E+00,0.000000E+00,3.411443E-02,9.293015E+02,1.367952E-01,1.493107E+03,2.180298E+03,9.203480E-02,3.954371E+03,3.411443E-02,0.000000E+00,0.000000E+00
07:50:00,7.586148E-02,2.046434E+03,3.380076E-01,3.717977E+03,5.133840E+03,7.586148E-02,5.054053E+03,7.586148E-02,0.000000E+00,0.000000E+00,5.750791E-02,1.551330E+03,2.215435E-01,2.431103E+03,3.567365E+03,1.521337E-01,6.578526E+03,5.750791E-02,0.000000E+00,0.000000E+00,3.411443E-02,9.202686E+02,2.501568E-01,2.767826E+03,3.491276E+03,8.887846E-02,3.862724E+03,3.411443E-02,0.000000E+00,0.000000E+00,5.750791E-02,1.551330E+03,2.288780E-01,2.512995E+03,3.652598E+03,1.514667E-01,6.559169E+03,5.750791E-02,0.000000E+00,0.000000E+00,3.411443E-02,9.202686E+02,1.383979E-01,1.520044E+03,2.201020E+03,8.976518E-02,3.888468E+03,3.411443E-02,0.000000E+00,0.000000E+00
08:00:00,7.586148E-02,2.026347E+03,3.382983E-01,3.741309E+03,5.157697E+03,7.586148E-02,5.054053E+03,7.586148E-02,0.000000E+00,0.000000E+00,5.750791E-02,1.536103E+03,2.251577E-01,2.486688E+03,3.617421E+03,1.487277E-01,6.479626E+03,5.750791E-02,0.000000E+00,0.000000E+00,3.411443E-02,9.112358E+02,2.575674E-01,2.859618E+03,3.579325E+03,8.660797E-02,3.796796E+03,3.411443E-02,0.000000E+00,0.000000E+00,5.750791E-02,1.536103E+03,2.308852E-01,2.550640E+03,3.682648E+03,1.479035E-01,6.455704E+03,5.750791E-02,0.000000E+00,0.000000E+00,3.411443E-02,9.112358E+02,1.400303E-01,1.547306E+03,2.224029E+03,8.749467E-02,3.822539E+03,3.411443E-02,0.000000E+00,0.000000E+00
08:10:00,7.586148E-02,2.003898E+03,3.385795E-01,3.766899E+03,5.183858E+03,7.586148E-02,5.054053E+03,7.586148E-02,0.000000E+00,0.000000E+00,5.750791E-02,1.519084E+03,2.282976E-01,2.538771E+03,3.664868E+03,1.487184E-01,6.479339E+03,5.750791E-02,0.000000E+00,0.000000E+00,3.411443E-02,9.011403E+02,2.640907E-01,2.942563E+03,3.660397E+03,8.660199E-02,3.796611E+03,3.411443E-02,0.000000E+00,0.000000E+00,5.750791E-02,1.519084E+03,2.328887E-01,2.590035E+03,3.716494E+03,1.478940E-01,6.455409E+03,5.750791E-02,0.000000E+00,0.000000E+00,3.411443E-02,9.011403E+02,1.414018E-01,1.572719E+03,2.246011E+03,8.748867E-02,3.822353E+03,3.411443E-02,0.000000E+00,0.000000E+00
08:20:00,7.586148E-02,1.981448E+03,3.388966E-01,3.792890E+03,5.210454E+03,7.586148E-02,5.054053E+03,7.586148E-02,0.000000E+00,0.000000E+00,5.750791E-02,1.502066E+03,2.314289E-01,2.590757E+03,3.713799E+03,1.487114E-01,6.479118E+03,5.750791E-02,0.000000E+00,0.000000E+00,3.411443E-02,8.910448E+02,2.700841E-01,3.019589E+03,3.736991E+03,8.659765E-02,3.796475E+03,3.411443E-02,0.000000E+00,0.000000E+00,5.750791E-02,1.502066E+03,2.352671E-01,2.633614E+03,3.756885E+03,1.478869E-01,6.455187E+03,5.750791E-02,0.000000E+00,0.000000E+00,3.411443E-02,8.910448E+02,1.428323E-01,1.598790E+03,2.269844E+03,8.748428E-02,3.822216E+03,3.411443E-02,0.000000E+00,0.000000E+00
08:30:00,7.586148E-02,1.958998E+03,3.392861E-01,3.819688E+03,5.237930E+03,7.586148E-02,5.054053E+03,7.586148E-02,0.000000E+00,0.000000E+00,5.750791E-02,1.485047E+03,2.345348E-01,2.642458E+03,3.763640E+03,1.487035E-01,6.478873E+03,5.750791E-02,0.000000E+00,0.000000E+00,3.411443E-02,8.809493E+02,2.755543E-01,3.090769E+03,3.808614E+03,8.659258E-02,3.796319E+03,3.411443E-02,0.000000E+00,0.000000E+00,5.750791E-02,1.485047E+03,2.378229E-01,2.679173E+03,3.800756E+03,1.478788E-01,6.454937E+03,5.750791E-02,0.000000E+00,0.000000E+00,3.411443E-02,8.809493E+02,1.443166E-01,1.625462E+03,2.295174E+03,8.747919E-02,3.822059E+03,3.411443E-02,0.000000E+00,0.000000E+00
08:40:00,7.586148E-02,1.936548E+03,3.397658E-01,3.847494E+03,5.266508E+03,7.586148E-02,5.054053E+03,7.586148E-02,0.000000E+00,0.000000E+00,5.750791E-02,1.468029E+03,2.376063E-01,2.693774E+03,3.814007E+03,1.486968E-01,6.478669E+03,5.750791E-02,0.000000E+00,0.000000E+00,3.411443E-02,8.708537E+02,2.804503E-01,3.155536E+03,3.874273E+03,8.658832E-02,3.796188E+03,3.411443E-02,0.000000E+00,0.000000E+00,5.750791E-02,1.468029E+03,2.404544E-01,2.725576E+03,3.846458E+03,1.478720E-01,6.454728E+03,5.750791E-02,0.000000E+00,0.000000E+00,3.411443E-02,8.708537E+02,1.458500E-01,1.652680E+03,2.321720E+03,8.747491E-02,3.821927E+03,3.411443E-02,0.000000E+00,0.000000E+00
08:50:00,7.586148E-02,1.914099E+03,3.403289E-01,3.876231E+03,5.296097E+03,7.586148E-02,5.054053E+03,7.586148E-02,0.000000E+00,0.000000E+00,5.750791E-02,1.451011E+03,2.406399E-01,2.744665E+03,3.864648E+03,1.486911E-01,6.478491E+03,5.750791E-02,0.000000E+00,0.000000E+00,3.411443E-02,8.607582E+02,2.847457E-01,3.213594E+03,3.933404E+03,8.658458E-02,3.796073E+03,3.411443E-02,0.000000E+00,0.000000E+00,5.750791E-02,1.451011E+03,2.431229E-01,2.772391E+03,3.893266E+03,1.478661E-01,6.454546E+03,5.750791E-02,0.000000E+00,0.000000E+00,3.411443E-02,8.607582E+02,1.474265E-01,1.680379E+03,2.349248E+03,8.747115E-02,3.821811E+03,3.411443E-02,0.000000E+00,0.000000E+00
09:00:00,7.586148E-02,1.891649E+03,3.409591E-01,3.905717E+03,5.326490E+03,7.586148E-02,5.054053E+03,7.586148E-02,0.000000E+00,0.000000E+00,5.750791E-02,1.433992E+03,2.437560E-01,2.796478E+03,3.916957E+03,1.486860E-01,6.478336E+03,5.750791E-02,0.000000E+00,0.000000E+00,3.411443E-02,8.506627E+02,2.884456E-01,3.265003E+03,3.985914E+03,8.658125E-02,3.795971E+03,3.411443E-02,0.000000E+00,0.000000E+00,5.750791E-02,1.433992E+03,2.458127E-01,2.819443E+03,3.940817E+03,1.478609E-01,6.454386E+03,5.750791E-02,0.000000E+00,0.000000E+00,3.411443E-02,8.506627E+02,1.490403E-01,1.708495E+03,2.377564E+03,8.746782E-02,3.821709E+03,3.411443E-02,0.000000E+00,0.000000E+00
09:10:00,7.586148E-02,1.871562E+03,3.416411E-01,3.933418E+03,5.355077E+03,7.586148E-02,5.054053E+03,7.586148E-02,0.000000E+00,0.000000E+00,5.750791E-02,1.418765E+03,2.469644E-01,2.847529E+03,3.968911E+03,1.486816E-01,6.478200E+03,5.750791E-02,0.000000E+00,0.000000E+00,3.411443E-02,8.416299E+02,2.915508E-01,3.308709E+03,4.030627E+03,8.657831E-02,3.795882E+03,3.411443E-02,0.000000E+00,0.000000E+00,5.750791E-02,1.418765E+03,2.484916E-01,2.864583E+03,3.986736E+03,1.478564E-01,6.454247E+03,5.750791E-02,0.000000E+00,0.000000E+00,3.411443E-02,8.416299E+02,1.506728E-01,1.735756E+03,2.405249E+03,8.746487E-02,3.821619E+03,3.411443E-02,0.000000E+00,0.000000E+00
09:20:00,7.586148E-02,1.851476E+03,3.423629E-01,3.961565E+03,5.384129E+03,7.586148E-02,5.054053E+03,7.586148E-02,0.000000E+00,0.000000E+00,5.750791E-02,1.403538E+03,2.503005E-01,2.900007E+03,4.022636E+03,1.486777E-01,6.478082E+03,5.750791E-02,0.000000E+00,0.000000E+00,3.411443E-02,8.325971E+02,2.939474E-01,3.344503E+03,4.067229E+03,8.657572E-02,3.795803E+03,3.411443E-02,0.000000E+00,0.000000E+00,5.750791E-02,1.403538E+03,2.511531E-01,2.909528E+03,4.032703E+03,1.478524E-01,6.454125E+03,5.750791E-02,0.000000E+00,0.000000E+00,3.411443E-02,8.325971E+02,1.523185E-01,1.763164E+03,2.433266E+03,8.746227E-02,3.821540E+03,3.411443E-02,0.000000E+00,0.000000E+00
09:30:00,7.586148E-02,1.831389E+03,3.431147E-01,3.990045E+03,5.413522E+03,7.586148E-02,5.054053E+03,7.586148E-02,0.000000E+00,0.000000E+00,5.750791E-02,1.388311E+03,2.538497E-01,2.954862E+03,4.079153E+03,1.486743E-01,6.477979E+03,5.750791E-02,0.000000E+00,0.000000E+00,3.411443E-02,8.235642E+02,2.955008E-01,3.370881E+03,4.094259E+03,8.657343E-02,3.795734E+03,3.411443E-02,0.000000E+00,0.000000E+00,5.750791E-02,1.388311E+03,2.537917E-01,2.954216E+03,4.078586E+03,1.478489E-01,6.454019E+03,5.750791E-02,0.000000E+00,0.000000E+00,3.411443E-02,8.235642E+02,1.539724E-01,1.790663E+03,2.461506E+03,8.745998E-02,3.821471E+03,3.411443E-02,0.000000E+00,0.000000E+00
09:40:00,7.586148E-02,1.811302E+03,3.438885E-01,4.018772E+03,5.443166E+03,7.586148E-02,5.054053E+03,7.586148E-02,0.000000E+00,0.000000E+00,5.750791E-02,1.373085E+03,2.579454E-01,3.015820E+03,4.142616E+03,1.486714E-01,6.477890E+03,5.750791E-02,0.000000E+00,0.000000E+00,3.411443E-02,8.145314E+02,2.960686E-01,3.386255E+03,4.110169E+03,8.657142E-02,3.795673E+03,3.411443E-02,0.000000E+00,0.000000E+00,5.750791E-02,1.373085E+03,2.565064E-01,2.999754E+03,4.125606E+03,1.478458E-01,6.453927E+03,5.750791E-02,0.000000E+00,0.000000E+00,3.411443E-02,8.145314E+02,1.556845E-01,1.818813E+03,2.490575E+03,8.745797E-02,3.821410E+03,3.411443E-02,0.000000E+00,0.000000E+00
09:50:00,7.586148E-02,1.791216E+03,3.446800E-01,4.047696E+03,5.473005E+03,7.586148E-02,5.054053E+03,7.586148E-02,0.000000E+00,0.000000E+00,5.750791E-02,1.357858E+03,2.625789E-01,3.082781E+03,4.212426E+03,1.486688E-01,6.477813E+03,5.750791E-02,0.000000E+00,0.000000E+00,3.411443E-02,8.054986E+02,2.957077E-01,3.391260E+03,4.115686E+03,8.656966E-02,3.795620E+03,3.411443E-02,0.000000E+00,0.000000E+00,5.750791E-02,1.357858E+03,2.592154E-01,3.045228E+03,4.172532E+03,1.478432E-01,6.453847E+03,5.750791E-02,0.000000E+00,0.000000E+00,3.411443E-02,8.054986E+02,1.574122E-01,1.847137E+03,2.519824E+03,8.745621E-02,3.821357E+03,3.411443E-02,0.000000E+00,0.000000E+00
10:00:00,7.586148E-02,1.771129E+03,3.454854E-01,4.076775E+03,5.503000E+03,7.586148E-02,5.054053E+03,7.586148E-02,0.000000E+00,0.000000E+00,5.750791E-02,1.342631E+03,2.676700E-01,3.154851E+03,4.287471E+03,1.486666E-01,6.477746E+03,5.750791E-02,0.000000E+00,0.000000E+00,3.411443E-02,7.964657E+02,2.944039E-01,3.385737E+03,4.110380E+03,8.656812E-02,3.795573E+03,3.411443E-02,0.000000E+00,0.000000E+00,5.750791E-02,1.342631E+03,2.618962E-01,3.090387E+03,4.219132E+03,1.478409E-01,6.453778E+03,5.750791E-02,0.000000E+00,0.000000E+00,3.411443E-02,7.964657E+02,1.591446E-01,1.875512E+03,2.549136E+03,8.745468E-02,3.821311E+03,3.411443E-02,0.000000E+00,0.000000E+00
10:10:00,7.586148E-02,1.753406E+03,3.463011E-01,4.103606E+03,5.530687E+03,7.586148E-02,5.054053E+03,7.586148E-02,0.000000E+00,0.000000E+00,5.750791E-02,1.329195E+03,2.732170E-01,3.230220E+03,4.366014E+03,1.486647E-01,6.477689E+03,5.750791E-02,0.000000E+00,0.000000E+00,3.411443E-02,7.884956E+02,2.921399E-01,3.368429E+03,4.092776E+03,8.656677E-02,3.795533E+03,3.411443E-02,0.000000E+00,0.000000E+00,5.750791E-02,1.329195E+03,2.645425E-01,3.133371E+03,4.263570E+03,1.478389E-01,6.453718E+03,5.750791E-02,0.000000E+00,0.000000E+00,3.411443E-02,7.884956E+02,1.608765E-01,1.902820E+03,2.577396E+03,8.745334E-02,3.821271E+03,3.411443E-02,0.000000E+00,0.000000E+00
10:20:00,7.586148E-02,1.735682E+03,3.471238E-01,4.130515E+03,5.558447E+03,7.586148E-02,5.054053E+03,7.586148E-02,0.000000E+00,0.000000E+00,5.750791E-02,1.315759E+03,2.792136E-01,3.310609E+03,4.449883E+03,1.486631E-01,6.477639E+03,5.750791E-02,0.000000E+00,0.000000E+00,3.411443E-02,7.805255E+02,2.890428E-01,3.341821E+03,4.065487E+03,8.656560E-02,3.795498E+03,3.411443E-02,0.000000E+00,0.000000E+00,5.750791E-02,1.315759E+03,2.671509E-01,3.175930E+03,4.307646E+03,1.478372E-01,6.453666E+03,5.750791E-02,0.000000E+00,0.000000E+00,3.411443E-02,7.805255E+02,1.626038E-01,1.930075E+03,2.605643E+03,8.745217E-02,3.821236E+03,3.411443E-02,0.000000E+00,0.000000E+00
10:30:00,7.586148E-02,1.717959E+03,3.479512E-01,4.157477E+03,5.586255E+03,7.586148E-02,5.054053E+03,7.586148E-02,0.000000E+00,0.000000E+00,5.750791E-02,1.302324E+03,2.855953E-01,3.395298E+03,4.538295E+03,1.486617E-01,6.477597E+03,5.750791E-02,0.000000E+00,0.000000E+00,3.411443E-02,7.725553E+02,2.852656E-01,3.307619E+03,4.030348E+03,8.656459E-02,3.795468E+03,3.411443E-02,0.000000E+00,0.000000E+00,5.750791E-02,1.302324E+03,2.697206E-01,3.218057E+03,4.351334E+03,1.478358E-01,6.453622E+03,5.750791E-02,0.000000E+00,0.000000E+00,3.411443E-02,7.725553E+02,1.643222E-01,1.957233E+03,2.633818E+03,8.745116E-02,3.821206E+03,3.411443E-02,0.000000E+00,0.000000E+00
10:40:00,7.586148E-02,1.700235E+03,3.487812E-01,4.184468E+03,5.614088E+03,7.586148E-02,5.054053E+03,7.586148E-02,0.000000E+00,0.000000E+00,5.750791E-02,1.288888E+03,2.920380E-01,3.480668E+03,4.627106E+03,1.486605E-01,6.477561E+03,5.750791E-02,0.000000E+00,0.000000E+00,3.411443E-02,7.645852E+02,2.809733E-01,3.267665E+03,3.989336E+03,8.656370E-02,3.795441E+03,3.411443E-02,0.000000E+00,0.000000E+00,5.750791E-02,1.288888E+03,2.721477E-01,3.258593E+03,4.393253E+03,1.478345E-01,6.453584E+03,5.750791E-02,0.000000E+00,0.000000E+00,3.411443E-02,7.645852E+02,1.659737E-01,1.983643E+03,2.661157E+03,8.745028E-02,3.821179E+03,3.411443E-02,0.000000E+00,0.000000E+00
10:50:00,7.586148E-02,1.682512E+03,3.496100E-01,4.211445E+03,5.641899E+03,7.586148E-02,5.054053E+03,7.586148E-02,0.000000E+00,0.000000E+00,5.750791E-02,1.275453E+03,2.985477E-01,3.566786E+03,4.716488E+03,1.486595E-01,6.477530E+03,5.750791E-02,0.000000E+00,0.000000E+00,3.411443E-02,7.566150E+02,2.761420E-01,3.221692E+03,3.942088E+03,8.656293E-02,3.795418E+03,3.411443E-02,0.000000E+00,0.000000E+00,5.750791E-02,1.275453E+03,2.745105E-01,3.298410E+03,4.434409E+03,1.478334E-01,6.453552E+03,5.750791E-02,0.000000E+00,0.000000E+00,3.411443E-02,7.566150E+02,1.675931E-01,2.009694E+03,2.688111E+03,8.744952E-02,3.821157E+03,3.411443E-02,0.000000E+00,0.000000E+00
11:00:00,7.586148E-02,1.664788E+03,3.504344E-01,4.238373E+03,5.669653E+03,7.586148E-02,5.054053E+03,7.586148E-02,0.000000E+00,0.000000E+00,5.750791E-02,1.262017E+03,3.050700E-01,3.653045E+03,4.805832E+03,1.486586E-01,6.477504E+03,5.750791E-02,0.000000E+00,0.000000E+00,3.411443E-02,7.486449E+02,2.708311E-01,3.170365E+03,3.889258E+03,8.656227E-02,3.795398E+03,3.411443E-02,0.000000E+00,0.000000E+00,5.750791E-02,1.262017E+03,2.768284E-01,3.337725E+03,4.475044E+03,1.478325E-01,6.453524E+03,5.750791E-02,0.000000E+00,0.000000E+00,3.411443E-02,7.486449E+02,1.691843E-01,2.035431E+03,2.714730E+03,8.744886E-02,3.821137E+03,3.411443E-02,0.000000E+00,0.000000E+00
11:10:00,7.586148E-02,1.652973E+03,3.512518E-01,4.259316E+03,5.691277E+03,7.586148E-02,5.054053E+03,7.586148E-02,0.000000E+00,0.000000E+00,5.750791E-02,1.253060E+03,3.115241E-01,3.734064E+03,4.889625E+03,1.486578E-01,6.477482E+03,5.750791E-02,0.000000E+00,0.000000E+00,3.411443E-02,7.433315E+02,2.651174E-01,3.111883E+03,3.828996E+03,8.656169E-02,3.795381E+03,3.411443E-02,0.000000E+00,0.000000E+00,5.750791E-02,1.253060E+03,2.790844E-01,3.371872E+03,4.510357E+03,1.478317E-01,6.453501E+03,5.750791E-02,0.000000E+00,0.000000E+00,3.411443E-02,7.433315E+02,1.707344E-01,2.058051E+03,2.738134E+03,8.744828E-02,3.821120E+03,3.411443E-02,0.000000E+00,0.000000E+00
11:20:00,7.586148E-02,1.641157E+03,3.520605E-01,4.280161E+03,5.712792E+03,7.586148E-02,5.054053E+03,7.586148E-02,0.000000E+00,0.000000E+00,5.750791E-02,1.244103E+03,3.178564E-01,3.813723E+03,4.971908E+03,1.486572E-01,6.477463E+03,5.750791E-02,0.000000E+00,0.000000E+00,3.411443E-02,7.380180E+02,2.591789E-01,3.050891E+03,3.766116E+03,8.656119E-02,3.795366E+03,3.411443E-02,0.000000E+00,0.000000E+00,5.750791E-02,1.244103E+03,2.812772E-01,3.405312E+03,4.544952E+03,1.478310E-01,6.453481E+03,5.750791E-02,0.000000E+00,0.000000E+00,3.411443E-02,7.380180E+02,1.722408E-01,2.080184E+03,2.761036E+03,8.744779E-02,3.821105E+03,3.411443E-02,0.000000E+00,0.000000E+00
11:30:00,7.586148E-02,1.629341E+03,3.528597E-01,4.300900E+03,5.734193E+03,7.586148E-02,5.054053E+03,7.586148E-02,0.000000E+00,0.000000E+00,5.750791E-02,1.235146E+03,3.240184E-01,3.891482E+03,5.052150E+03,1.486567E-01,6.477447E+03,5.750791E-02,0.000000E+00,0.000000E+00,3.411443E-02,7.327046E+02,2.536842E-01,2.994855E+03,3.708520E+03,8.656076E-02,3.795354E+03,3.411443E-02,0.000000E+00,0.000000E+00,5.750791E-02,1.235146E+03,2.834061E-01,3.438039E+03,4.578826E+03,1.478305E-01,6.453464E+03,5.750791E-02,0.000000E+00,0.000000E+00,3.411443E-02,7.327046E+02,1.737014E-01,2.101806E+03,2.783413E+03,8.744736E-02,3.821093E+03,3.411443E-02,0.000000E+00,0.000000E+00
11:40:00,7.586148E-02,1.617526E+03,3.536513E-01,4.321554E+03,5.755504E+03,7.586148E-02,5.054053E+03,7.586148E-02,0.000000E+00,0.000000E+00,5.750791E-02,1.226189E+03,3.299677E-01,3.966865E+03,5.129861E+03,1.486563E-01,6.477434E+03,5.750791E-02,0.000000E+00,0.000000E+00,3.411443E-02,7.273912E+02,2.488105E-01,2.945752E+03,3.657603E+03,8.656039E-02,3.795343E+03,3.411443E-02,0.000000E+00,0.000000E+00,5.750791E-02,1.226189E+03,2.854716E-01,3.470059E+03,4.611970E+03,1.478300E-01,6.453450E+03,5.750791E-02,0.000000E+00,0.000000E+00,3.411443E-02,7.273912E+02,1.751145E-01,2.122897E+03,2.805235E+03,8.744700E-02,3.821082E+03,3.411443E-02,0.000000E+00,0.000000E+00
11:50:00,7.586148E-02,1.605710E+03,3.544379E-01,4.342152E+03,5.776755E+03,7.586148E-02,5.054053E+03,7.586148E-02,0.000000E+00,0.000000E+00,5.750791E-02,1.217232E+03,3.356662E-01,4.039448E+03,5.204605E+03,1.486559E-01,6.477423E+03,5.750791E-02,0.000000E+00,0.000000E+00,3.411443E-02,7.220778E+02,2.446639E-01,2.904766E+03,3.614627E+03,8.656008E-02,3.795333E+03,3.411443E-02,0.000000E+00,0.000000E+00,5.750791E-02,1.217232E+03,2.874747E-01,3.501382E+03,4.644375E+03,1.478296E-01,6.453438E+03,5.750791E-02,0.000000E+00,0.000000E+00,3.411443E-02,7.220778E+02,1.764785E-01,2.143440E+03,2.826475E+03,8.744668E-02,3.821072E+03,3.411443E-02,0.000000E+00,0.000000E+00
12:00:00,7.586148E-02,1.593894E+03,3.552216E-01,4.362719E+03,5.797970E+03,7.586148E-02,5.054053E+03,7.586148E-02,0.000000E+00,0.000000E+00,5.750791E-02,1.208275E+03,3.410802E-01,4.108855E+03,5.275998E+03,1.486556E-01,6.477415E+03,5.750791E-02,0.000000E+00,0.000000E+00,3.411443E-02,7.167643E+02,2.413198E-01,2.872741E+03,3.580890E+03,8.655980E-02,3.795325E+03,3.411443E-02,0.000000E+00,0.000000E+00,5.750791E-02,1.208275E+03,2.894160E-01,3.532014E+03,4.676037E+03,1.478293E-01,6.453428E+03,5.750791E-02,0.000000E+00,0.000000E+00,3.411443E-02,7.167643E+02,1.777923E-01,2.163423E+03,2.847117E+03,8.744641E-02,3.821064E+03,3.411443E-02,0.000000E+00,0.000000E+00
12:10:00,7.586148E-02,1.584442E+03,3.560044E-01,4.380911E+03,5.816755E+03,7.586148E-02,5.054053E+03,7.586148E-02,0.000000E+00,0.000000E+00,5.750791E-02,1.201109E+03,3.462003E-01,4.173190E+03,5.342142E+03,1.486554E-01,6.477407E+03,5.750791E-02,0.000000E+00,0.000000E+00,3.411443E-02,7.125136E+02,2.388358E-01,2.849256E+03,3.556298E+03,8.655957E-02,3.795318E+03,3.411443E-02,0.000000E+00,0.000000E+00,5.750791E-02,1.201109E+03,2.913156E-01,3.560389E+03,4.705379E+03,1.478290E-01,6.453420E+03,5.750791E-02,0.000000E+00,0.000000E+00,3.411443E-02,7.125136E+02,1.790661E-01,2.181896E+03,2.866205E+03,8.744617E-02,3.821057E+03,3.411443E-02,0.000000E+00,0.000000E+00
12:20:00,7.586148E-02,1.574989E+03,3.567871E-01,4.399103E+03,5.835537E+03,7.586148E-02,5.054053E+03,7.586148E-02,0.000000E+00,0.000000E+00,5.750791E-02,1.193944E+03,3.509973E-01,4.233916E+03,5.404560E+03,1.486552E-01,6.477401E+03,5.750791E-02,0.000000E+00,0.000000E+00,3.411443E-02,7.082628E+02,2.371561E-01,2.834751E+03,3.541413E+03,8.655936E-02,3.795312E+03,3.411443E-02,0.000000E+00,0.000000E+00,5.750791E-02,1.193944E+03,2.931764E-01,3.588332E+03,4.734282E+03,1.478288E-01,6.453413E+03,5.750791E-02,0.000000E+00,0.000000E+00,3.411443E-02,7.082628E+02,1.803000E-01,2.199924E+03,2.884834E+03,8.744598E-02,3.821051E+03,3.411443E-02,0.000000E+00,0.000000E+00
12:30:00,7.586148E-02,1.565537E+03,3.575693E-01,4.417289E+03,5.854315E+03,7.586148E-02,5.054053E+03,7.586148E-02,0.000000E+00,0.000000E+00,5.750791E-02,1.186778E+03,3.554456E-01,4.290749E+03,5.462969E+03,1.486550E-01,6.477397E+03,5.750791E-02,0.000000E+00,0.000000E+00,3.411443E-02,7.040121E+02,2.357226E-01,2.822996E+03,3.529354E+03,8.655919E-02,3.795307E+03,3.411443E-02,0.000000E+00,0.000000E+00,5.750791E-02,1.186778E+03,2.949998E-01,3.615856E+03,4.762764E+03,1.478286E-01,6.453408E+03,5.750791E-02,0.000000E+00,0.000000E+00,3.411443E-02,7.040121E+02,1.814942E-01,2.217508E+03,2.903008E+03,8.744580E-02,3.821046E+03,3.411443E-02,0.000000E+00,0.000000E+00
12:40:00,7.586148E-02,1.556084E+03,3.583717E-01,4.435701E+03,5.873480E+03,7.586148E-02,5.054053E+03,7.586148E-02,0.000000E+00,0.000000E+00,5.750791E-02,1.179613E+03,3.595397E-01,4.343628E+03,5.517880E+03,1.486549E-01,6.477393E+03,5.750791E-02,0.000000E+00,0.000000E+00,3.411443E-02,6.997614E+02,2.344657E-01,2.813212E+03,3.519142E+03,8.655904E-02,3.795303E+03,3.411443E-02,0.000000E+00,0.000000E+00,5.750791E-02,1.179613E+03,2.968047E-01,3.643174E+03,4.791366E+03,1.478284E-01,6.453404E+03,5.750791E-02,0.000000E+00,0.000000E+00,3.411443E-02,6.997614E+02,1.826607E-01,2.234784E+03,2.921069E+03,8.744566E-02,3.821042E+03,3.411443E-02,0.000000E+00,0.000000E+00
12:50:00,7.586148E-02,1.546632E+03,3.591501E-01,4.453823E+03,5.892397E+03,7.586148E-02,5.054053E+03,7.586148E-02,0.000000E+00,0.000000E+00,5.750791E-02,1.172447E+03,3.632204E-01,4.391867E+03,5.568354E+03,1.486548E-01,6.477391E+03,5.750791E-02,0.000000E+00,0.000000E+00,3.411443E-02,6.955106E+02,2.333403E-01,2.804883E+03,3.510273E+03,8.655892E-02,3.795299E+03,3.411443E-02,0.000000E+00,0.000000E+00,5.750791E-02,1.172447E+03,2.985556E-01,3.669871E+03,4.819518E+03,1.478283E-01,6.453400E+03,5.750791E-02,0.000000E+00,0.000000E+00,3.411443E-02,6.955106E+02,1.837802E-01,2.251523E+03,2.938696E+03,8.744554E-02,3.821038E+03,3.411443E-02,0.000000E+00,0.000000E+00
13:00:00,7.586148E-02,1.537179E+03,3.599241E-01,4.471895E+03,5.911039E+03,7.586148E-02,5.054053E+03,7.586148E-02,0.000000E+00,0.000000E+00,5.750791E-02,1.165281E+03,3.664873E-01,4.435483E+03,5.612912E+03,1.486547E-01,6.477389E+03,5.750791E-02,0.000000E+00,0.000000E+00,3.411443E-02,6.912599E+02,2.323388E-01,2.797937E+03,3.503126E+03,8.655881E-02,3.795296E+03,3.411443E-02,0.000000E+00,0.000000E+00,5.750791E-02,1.165281E+03,3.002688E-01,3.696144E+03,4.846658E+03,1.478283E-01,6.453398E+03,5.750791E-02,0.000000E+00,0.000000E+00,3.411443E-02,6.912599E+02,1.848631E-01,2.267852E+03,2.955533E+03,8.744543E-02,3.821035E+03,3.411443E-02,0.000000E+00,0.000000E+00
13:10:00,7.586148E-02,1.531271E+03,3.606801E-01,4.486221E+03,5.925841E+03,7.586148E-02,5.054053E+03,7.586148E-02,0.000000E+00,0.000000E+00,5.750791E-02,1.160803E+03,3.692988E-01,4.471327E+03,5.649454E+03,1.486547E-01,6.477388E+03,5.750791E-02,0.000000E+00,0.000000E+00,3.411443E-02,6.886032E+02,2.314418E-01,2.790563E+03,3.495527E+03,8.655873E-02,3.795293E+03,3.411443E-02,0.000000E+00,0.000000E+00,5.750791E-02,1.160803E+03,3.019266E-01,3.719110E+03,4.870381E+03,1.478282E-01,6.453396E+03,5.750791E-02,0.000000E+00,0.000000E+00,3.411443E-02,6.886032E+02,1.859005E-01,2.282078E+03,2.970199E+03,8.744534E-02,3.821033E+03,3.411443E-02,0.000000E+00,0.000000E+00
13:20:00,7.586148E-02,1.525363E+03,3.614163E-01,4.500326E+03,5.940410E+03,7.586148E-02,5.054053E+03,7.586148E-02,0.000000E+00,0.000000E+00,5.750791E-02,1.156324E+03,3.716432E-01,4.501956E+03,5.680644E+03,1.486547E-01,6.477387E+03,5.750791E-02,0.000000E+00,0.000000E+00,3.411443E-02,6.859464E+02,2.306386E-01,2.784236E+03,3.489005E+03,8.655865E-02,3.795291E+03,3.411443E-02,0.000000E+00,0.000000E+00,5.750791E-02,1.156324E+03,3.035255E-01,3.741420E+03,4.893424E+03,1.478282E-01,6.453395E+03,5.750791E-02,0.000000E+00,0.000000E+00,3.411443E-02,6.859464E+02,1.868920E-01,2.295792E+03,2.984338E+03,8.744527E-02,3.821031E+03,3.411443E-02,0.000000E+00,0.000000E+00
13:30:00,7.586148E-02,1.519456E+03,3.621304E-01,4.514184E+03,5.954722E+03,7.586148E-02,5.054053E+03,7.586148E-02,0.000000E+00,0.000000E+00,5.750791E-02,1.151846E+03,3.735065E-01,4.527212E+03,5.706328E+03,1.486547E-01,6.477387E+03,5.750791E-02,0.000000E+00,0.000000E+00,3.411443E-02,6.832897E+02,2.299179E-01,2.778831E+03,3.483436E+03,8.655859E-02,3.795289E+03,3.411443E-02,0.000000E+00,0.000000E+00,5.750791E-02,1.151846E+03,3.050616E-01,3.763027E+03,4.915750E+03,1.478281E-01,6.453395E+03,5.750791E-02,0.000000E+00,0.000000E+00,3.411443E-02,6.832897E+02,1.882477E-01,2.313573E+03,3.003220E+03,8.744521E-02,3.821029E+03,3.411443E-02,0.000000E+00,0.000000E+00
13:40:00,7.586148E-02,1.513548E+03,3.627984E-01,4.527526E+03,5.968470E+03,7.586148E-02,5.054053E+03,7.586148E-02,0.000000E+00,0.000000E+00,5.750791E-02,1.147367E+03,3.748594E-01,4.546771E+03,5.726135E+03,1.486547E-01,6.477388E+03,5.750791E-02,0.000000E+00,0.000000E+00,3.411443E-02,6.806330E+02,2.292566E-01,2.774089E+03,3.478541E+03,8.655854E-02,3.795288E+03,3.411443E-02,0.000000E+00,0.000000E+00,5.750791E-02,1.147367E+03,3.065117E-01,3.783674E+03,4.937060E+03,1.478281E-01,6.453394E+03,5.750791E-02,0.000000E+00,0.000000E+00,3.411443E-02,6.806330E+02,1.902868E-01,2.338983E+03,3.030381E+03,8.744516E-02,3.821027E+03,3.411443E-02,0.000000E+00,0.000000E+00
13:50:00,7.586148E-02,1.507640E+03,3.634623E-01,4.540844E+03,5.982213E+03,7.586148E-02,5.054053E+03,7.586148E-02,0.000000E+00,0.000000E+00,5.750791E-02,1.142889E+03,3.757337E-01,4.561010E+03,5.740475E+03,1.486547E-01,6.477389E+03,5.750791E-02,0.000000E+00,0.000000E+00,3.411443E-02,6.779763E+02,2.286603E-01,2.770087E+03,3.474409E+03,8.655850E-02,3.795287E+03,3.411443E-02,0.000000E+00,0.000000E+00,5.750791E-02,1.142889E+03,3.079070E-01,3.803729E+03,4.957769E+03,1.478282E-01,6.453395E+03,5.750791E-02,0.000000E+00,0.000000E+00,3.411443E-02,6.779763E+02,1.931649E-01,2.373770E+03,3.067164E+03,8.744512E-02,3.821026E+03,3.411443E-02,0.000000E+00,0.000000E+00
14:00:00,7.586148E-02,1.501732E+03,3.641007E-01,4.553880E+03,5.995655E+03,7.586148E-02,5.054053E+03,7.586148E-02,0.000000E+00,0.000000E+00,5.750791E-02,1.138410E+03,3.761089E-01,4.569680E+03,5.749053E+03,1.486548E-01,6.477390E+03,5.750791E-02,0.000000E+00,0.000000E+00,3.411443E-02,6.753196E+02,2.281083E-01,2.766579E+03,3.470772E+03,8.655847E-02,3.795286E+03,3.411443E-02,0.000000E+00,0.000000E+00,5.750791E-02,1.138410E+03,3.092269E-01,3.822944E+03,4.977584E+03,1.478282E-01,6.453395E+03,5.750791E-02,0.000000E+00,0.000000E+00,3.411443E-02,6.753196E+02,1.969819E-01,2.419041E+03,3.114562E+03,8.744509E-02,3.821025E+03,3.411443E-02,0.000000E+00,0.000000E+00
14:10:00,7.586148E-02,1.501732E+03,3.647265E-01,4.560866E+03,6.002908E+03,7.586148E-02,5.054053E+03,7.586148E-02,0.000000E+00,0.000000E+00,5.750791E-02,1.138410E+03,3.759889E-01,4.568341E+03,5.747319E+03,1.486548E-01,6.477392E+03,5.750791E-02,0.000000E+00,0.000000E+00,3.411443E-02,6.753196E+02,2.275854E-01,2.760741E+03,3.464736E+03,8.655845E-02,3.795285E+03,3.411443E-02,0.000000E+00,0.000000E+00,5.750791E-02,1.138410E+03,3.104651E-01,3.836769E+03,4.991837E+03,1.478282E-01,6.453396E+03,5.750791E-02,0.000000E+00,0.000000E+00,3.411443E-02,6.753196E+02,2.018282E-01,2.473147E+03,3.171026E+03,8.744507E-02,3.821025E+03,3.411443E-02,0.000000E+00,0.000000E+00
14:20:00,7.586148E-02,1.501732E+03,3.653404E-01,4.567720E+03,6.010024E+03,7.586148E-02,5.054053E+03,7.586148E-02,0.000000E+00,0.000000E+00,5.750791E-02,1.138410E+03,3.753788E-01,4.561532E+03,5.739954E+03,1.486549E-01,6.477393E+03,5.750791E-02,0.000000E+00,0.000000E+00,3.411443E-02,6.753196E+02,2.270795E-01,2.755092E+03,3.458898E+03,8.655843E-02,3.795284E+03,3.411443E-02,0.000000E+00,0.000000E+00,5.750791E-02,1.138410E+03,3.116169E-01,3.849629E+03,5.005087E+03,1.478283E-01,6.453398E+03,5.750791E-02,0.000000E+00,0.000000E+00,3.411443E-02,6.753196E+02,2.077852E-01,2.539653E+03,3.240449E+03,8.744505E-02,3.821024E+03,3.411443E-02,0.000000E+00,0.000000E+00
14:30:00,7.586148E-02,1.501732E+03,3.659438E-01,4.574458E+03,6.017019E+03,7.586148E-02,5.054053E+03,7.586148E-02,0.000000E+00,0.000000E+00,5.750791E-02,1.138410E+03,3.742924E-01,4.549404E+03,5.727132E+03,1.486550E-01,6.477395E+03,5.750791E-02,0.000000E+00,0.000000E+00,3.411443E-02,6.753196E+02,2.265795E-01,2.749510E+03,3.453136E+03,8.655842E-02,3.795284E+03,3.411443E-02,0.000000E+00,0.000000E+00,5.750791E-02,1.138410E+03,3.126797E-01,3.861495E+03,5.017324E+03,1.478283E-01,6.453399E+03,5.750791E-02,0.000000E+00,0.000000E+00,3.411443E-02,6.753196E+02,2.145108E-01,2.614740E+03,3.318611E+03,8.744504E-02,3.821024E+03,3.411443E-02,0.000000E+00,0.000000E+00
14:40:00,7.586148E-02,1.501732E+03,3.665360E-01,4.581070E+03,6.023885E+03,7.586148E-02,5.054053E+03,7.586148E-02,0.000000E+00,0.000000E+00,5.750791E-02,1.138410E+03,3.727473E-01,4.532155E+03,5.709037E+03,1.486550E-01,6.477397E+03,5.750791E-02,0.000000E+00,0.000000E+00,3.411443E-02,6.753196E+02,2.260749E-01,2.743876E+03,3.447324E+03,8.655841E-02,3.795284E+03,3.411443E-02,0.000000E+00,0.000000E+00,5.750791E-02,1.138410E+03,3.136517E-01,3.872348E+03,5.028523E+03,1.478284E-01,6.453401E+03,5.750791E-02,0.000000E+00,0.000000E+00,3.411443E-02,6.753196E+02,2.217295E-01,2.695333E+03,3.402138E+03,8.744503E-02,3.821023E+03,3.411443E-02,0.000000E+00,0.000000E+00
14:50:00,7.586148E-02,1.501732E+03,3.671142E-01,4.587526E+03,6.030587E+03,7.586148E-02,5.054053E+03,7.586148E-02,0.000000E+00,0.000000E+00,5.750791E-02,1.138410E+03,3.707654E-01,4.510030E+03,5.685898E+03,1.486551E-01,6.477400E+03,5.750791E-02,0.000000E+00,0.000000E+00,3.411443E-02,6.753196E+02,2.255560E-01,2.738082E+03,3.441339E+03,8.655841E-02,3.795284E+03,3.411443E-02,0.000000E+00,0.000000E+00,5.750791E-02,1.138410E+03,3.145298E-01,3.882153E+03,5.038628E+03,1.478284E-01,6.453403E+03,5.750791E-02,0.000000E+00,0.000000E+00,3.411443E-02,6.753196E+02,2.293482E-01,2.780391E+03,3.489970E+03,8.744503E-02,3.821023E+03,3.411443E-02,0.000000E+00,0.000000E+00
15:00:00,7.586148E-02,1.501732E+03,3.676749E-01,4.593786E+03,6.037084E+03,7.586148E-02,5.054053E+03,7.586148E-02,0.000000E+00,0.000000E+00,5.750791E-02,1.138410E+03,3.683747E-01,4.483340E+03,5.658016E+03,1.486552E-01,6.477402E+03,5.750791E-02,0.000000E+00,0.000000E+00,3.411443E-02,6.753196E+02,2.250136E-01,2.732026E+03,3.435067E+03,8.655841E-02,3.795284E+03,3.411443E-02,0.000000E+00,0.000000E+00,5.750791E-02,1.138410E+03,3.153111E-01,3.890877E+03,5.047590E+03,1.478285E-01,6.453405E+03,5.750791E-02,0.000000E+00,0.000000E+00,3.411443E-02,6.753196E+02,2.372870E-01,2.869025E+03,3.581216E+03,8.744503E-02,3.821023E+03,3.411443E-02,0.000000E+00,0.000000E+00
15:10:00,7.586148E-02,1.508822E+03,3.682139E-01,4.592714E+03,6.036073E+03,7.586148E-02,5.054053E+03,7.586148E-02,0.000000E+00,0.000000E+00,5.750791E-02,1.143784E+03,3.654910E-01,4.445771E+03,5.618786E+03,1.486553E-01,6.477405E+03,5.750791E-02,0.000000E+00,0.000000E+00,3.411443E-02,6.785076E+02,2.243714E-01,2.721668E+03,3.424293E+03,8.655842E-02,3.795284E+03,3.411443E-02,0.000000E+00,0.000000E+00,5.750791E-02,1.143784E+03,3.158704E-01,3.891748E+03,5.048301E+03,1.478286E-01,6.453407E+03,5.750791E-02,0.000000E+00,0.000000E+00,3.411443E-02,6.785076E+02,2.455729E-01,2.958346E+03,3.673064E+03,8.744504E-02,3.821024E+03,3.411443E-02,0.000000E+00,0.000000E+00
15:20:00,7.586148E-02,1.515911E+03,3.687265E-01,4.591348E+03,6.034750E+03,7.586148E-02,5.054053E+03,7.586148E-02,0.000000E+00,0.000000E+00,5.750791E-02,1.149159E+03,3.623684E-01,4.405534E+03,5.577062E+03,1.486554E-01,6.477408E+03,5.750791E-02,0.000000E+00,0.000000E+00,3.411443E-02,6.816957E+02,2.236640E-01,2.710582E+03,3.412832E+03,8.655843E-02,3.795284E+03,3.411443E-02,0.000000E+00,0.000000E+00,5.750791E-02,1.149159E+03,3.162815E-01,3.890963E+03,5.047401E+03,1.478287E-01,6.453409E+03,5.750791E-02,0.000000E+00,0.000000E+00,3.411443E-02,6.816957E+02,2.540677E-01,3.050001E+03,3.767049E+03,8.744505E-02,3.821024E+03,3.411443E-02,0.000000E+00,0.000000E+00
15:30:00,7.586148E-02,1.523000E+03,3.692096E-01,4.589654E+03,6.033080E+03,7.586148E-02,5.054053E+03,7.586148E-02,0.000000E+00,0.000000E+00,5.750791E-02,1.154533E+03,3.591977E-01,4.364761E+03,5.534985E+03,1.486555E-01,6.477411E+03,5.750791E-02,0.000000E+00,0.000000E+00,3.411443E-02,6.848838E+02,2.228921E-01,2.698777E+03,3.400676E+03,8.655844E-02,3.795285E+03,3.411443E-02,0.000000E+00,0.000000E+00,5.750791E-02,1.154533E+03,3.165599E-01,3.888699E+03,5.045067E+03,1.478288E-01,6.453412E+03,5.750791E-02,0.000000E+00,0.000000E+00,3.411443E-02,6.848838E+02,2.626417E-01,3.142540E+03,3.861716E+03,8.744506E-02,3.821024E+03,3.411443E-02,0.000000E+00,0.000000E+00
15:40:00,7.586148E-02,1.530090E+03,3.696615E-01,4.587610E+03,6.031045E+03,7.586148E-02,5.054053E+03,7.586148E-02,0.000000E+00,0.000000E+00,5.750791E-02,1.159907E+03,3.560579E-01,4.324333E+03,5.493187E+03,1.486556E-01,6.477414E+03,5.750791E-02,0.000000E+00,0.000000E+00,3.411443E-02,6.880718E+02,2.220511E-01,2.686199E+03,3.387716E+03,8.655846E-02,3.795285E+03,3.411443E-02,0.000000E+00,0.000000E+00,5.750791E-02,1.159907E+03,3.167021E-01,3.884912E+03,5.041154E+03,1.478288E-01,6.453414E+03,5.750791E-02,0.000000E+00,0.000000E+00,3.411443E-02,6.880718E+02,2.710286E-01,3.232991E+03,3.954007E+03,8.744507E-02,3.821025E+03,3.411443E-02,0.000000E+00,0.000000E+00
15:50:00,7.586148E-02,1.537179E+03,3.700800E-01,4.585193E+03,6.028617E+03,7.586148E-02,5.054053E+03,7.586148E-02,0.000000E+00,0.000000E+00,5.750791E-02,1.165281E+03,3.530135E-01,4.284969E+03,5.452329E+03,1.486557E-01,6.477417E+03,5.750791E-02,0.000000E+00,0.000000E+00,3.411443E-02,6.912599E+02,2.211367E-01,2.672801E+03,3.373869E+03,8.655847E-02,3.795286E+03,3.411443E-02,0.000000E+00,0.000000E+00,5.750791E-02,1.165281E+03,3.167007E-01,3.879524E+03,5.035512E+03,1.478289E-01,6.453417E+03,5.750791E-02,0.000000E+00,0.000000E+00,3.411443E-02,6.912599E+02,2.791207E-01,3.320152E+03,4.043001E+03,8.744509E-02,3.821025E+03,3.411443E-02,0.000000E+00,0.000000E+00
16:00:00,7.586148E-02,1.544269E+03,3.704625E-01,4.582374E+03,6.025767E+03,7.586148E-02,5.054053E+03,7.586148E-02,0.000000E+00,0.000000E+00,5.750791E-02,1.170656E+03,3.502167E-01,4.248369E+03,5.414355E+03,1.486558E-01,6.477420E+03,5.750791E-02,0.000000E+00,0.000000E+00,3.411443E-02,6.944479E+02,2.201448E-01,2.658539E+03,3.359078E+03,8.655849E-02,3.795286E+03,3.411443E-02,0.000000E+00,0.000000E+00,5.750791E-02,1.170656E+03,3.165466E-01,3.872429E+03,5.028008E+03,1.478290E-01,6.453420E+03,5.750791E-02,0.000000E+00,0.000000E+00,3.411443E-02,6.944479E+02,2.868359E-01,3.403105E+03,4.127871E+03,8.744511E-02,3.821026E+03,3.411443E-02,0.000000E+00,0.000000E+00
16:10:00,7.586148E-02,1.553721E+03,3.708076E-01,4.576774E+03,6.020060E+03,7.586148E-02,5.054053E+03,7.586148E-02,0.000000E+00,0.000000E+00,5.750791E-02,1.177821E+03,3.478664E-01,4.214962E+03,5.379898E+03,1.486559E-01,6.477423E+03,5.750791E-02,0.000000E+00,0.000000E+00,3.411443E-02,6.986987E+02,2.191512E-01,2.643195E+03,3.343214E+03,8.655852E-02,3.795287E+03,3.411443E-02,0.000000E+00,0.000000E+00,5.750791E-02,1.177821E+03,3.163720E-01,3.863315E+03,5.018516E+03,1.478291E-01,6.453423E+03,5.750791E-02,0.000000E+00,0.000000E+00,3.411443E-02,6.986987E+02,2.940105E-01,3.478961E+03,4.205503E+03,8.744513E-02,3.821026E+03,3.411443E-02,0.000000E+00,0.000000E+00
16:20:00,7.586148E-02,1.563174E+03,3.711145E-01,4.570749E+03,6.013906E+03,7.586148E-02,5.054053E+03,7.586148E-02,0.000000E+00,0.000000E+00,5.750791E-02,1.184987E+03,3.457692E-01,4.184381E+03,5.348369E+03,1.486560E-01,6.477426E+03,5.750791E-02,0.000000E+00,0.000000E+00,3.411443E-02,7.029494E+02,2.181108E-01,2.627329E+03,3.326811E+03,8.655854E-02,3.795288E+03,3.411443E-02,0.000000E+00,0.000000E+00,5.750791E-02,1.184987E+03,3.160935E-01,3.853040E+03,5.007830E+03,1.478292E-01,6.453425E+03,5.750791E-02,0.000000E+00,0.000000E+00,3.411443E-02,7.029494E+02,3.006426E-01,3.548760E+03,4.276903E+03,8.744515E-02,3.821027E+03,3.411443E-02,0.000000E+00,0.000000E+00
16:30:00,7.586148E-02,1.572626E+03,3.713814E-01,4.564276E+03,6.007285E+03,7.586148E-02,5.054053E+03,7.586148E-02,0.000000E+00,0.000000E+00,5.750791E-02,1.192152E+03,3.437938E-01,4.155159E+03,5.318198E+03,1.486561E-01,6.477429E+03,5.750791E-02,0.000000E+00,0.000000E+00,3.411443E-02,7.072002E+02,2.170136E-01,2.610828E+03,3.309751E+03,8.655857E-02,3.795288E+03,3.411443E-02,0.000000E+00,0.000000E+00,5.750791E-02,1.192152E+03,3.156840E-01,3.841303E+03,4.995624E+03,1.478293E-01,6.453428E+03,5.750791E-02,0.000000E+00,0.000000E+00,3.411443E-02,7.072002E+02,3.067278E-01,3.612454E+03,4.341975E+03,8.744518E-02,3.821028E+03,3.411443E-02,0.000000E+00,0.000000E+00
16:40:00,7.586148E-02,1.582079E+03,3.716055E-01,4.557327E+03,6.000164E+03,7.586148E-02,5.054053E+03,7.586148E-02,0.000000E+00,0.000000E+00,5.750791E-02,1.199318E+03,3.419147E-01,4.127013E+03,5.289144E+03,1.486563E-01,6.477433E+03,5.750791E-02,0.000000E+00,0.000000E+00,3.411443E-02,7.114509E+02,2.158563E-01,2.593656E+03,3.291994E+03,8.655859E-02,3.795289E+03,3.411443E-02,0.000000E+00,0.000000E+00,5.750791E-02,1.199318E+03,3.151319E-01,3.827974E+03,4.981754E+03,1.478294E-01,6.453431E+03,5.750791E-02,0.000000E+00,0.000000E+00,3.411443E-02,7.114509E+02,3.123933E-01,3.671462E+03,4.402265E+03,8.744521E-02,3.821029E+03,3.411443E-02,0.000000E+00,0.000000E+00
16:50:00,7.586148E-02,1.591531E+03,3.717849E-01,4.549876E+03,5.992519E+03,7.586148E-02,5.054053E+03,7.586148E-02,0.000000E+00,0.000000E+00,5.750791E-02,1.206484E+03,3.401140E-01,4.099742E+03,5.261043E+03,1.486564E-01,6.477436E+03,5.750791E-02,0.000000E+00,0.000000E+00,3.411443E-02,7.157016E+02,2.146348E-01,2.575767E+03,3.273485E+03,8.655862E-02,3.795290E+03,3.411443E-02,0.000000E+00,0.000000E+00,5.750791E-02,1.206484E+03,3.144317E-01,3.812991E+03,4.966152E+03,1.478295E-01,6.453434E+03,5.750791E-02,0.000000E+00,0.000000E+00,3.411443E-02,7.157016E+02,3.176015E-01,3.725363E+03,4.457338E+03,8.744523E-02,3.821029E+03,3.411443E-02,0.000000E+00,0.000000E+00
17:00:00,7.586148E-02,1.600984E+03,3.718999E-01,4.541720E+03,5.984130E+03,7.586148E-02,5.054053E+03,7.586148E-02,0.000000E+00,0.000000E+00,5.750791E-02,1.213649E+03,3.382587E-01,4.071872E+03,5.232381E+03,1.486565E-01,6.477440E+03,5.750791E-02,0.000000E+00,0.000000E+00,3.411443E-02,7.199524E+02,2.133366E-01,2.557029E+03,3.254178E+03,8.655865E-02,3.795291E+03,3.411443E-02,0.000000E+00,0.000000E+00,5.750791E-02,1.213649E+03,3.135694E-01,3.796208E+03,4.948747E+03,1.478296E-01,6.453437E+03,5.750791E-02,0.000000E+00,0.000000E+00,3.411443E-02,7.199524E+02,3.222728E-01,3.773280E+03,4.506160E+03,8.744526E-02,3.821030E+03,3.411443E-02,0.000000E+00,0.000000E+00
17:10:00,7.586148E-02,1.612799E+03,3.719672E-01,4.530678E+03,5.972855E+03,7.586148E-02,5.054053E+03,7.586148E-02,0.000000E+00,0.000000E+00,5.750791E-02,1.222606E+03,3.363290E-01,4.041391E+03,5.200509E+03,1.486566E-01,6.477443E+03,5.750791E-02,0.000000E+00,0.000000E+00,3.411443E-02,7.252658E+02,2.119681E-01,2.536450E+03,3.232674E+03,8.655868E-02,3.795292E+03,3.411443E-02,0.000000E+00,0.000000E+00,5.750791E-02,1.222606E+03,3.125702E-01,3.776117E+03,4.927742E+03,1.478297E-01,6.453440E+03,5.750791E-02,0.000000E+00,0.000000E+00,3.411443E-02,7.252658E+02,3.263406E-01,3.813408E+03,4.547847E+03,8.744529E-02,3.821031E+03,3.411443E-02,0.000000E+00,0.000000E+00
17:20:00,7.586148E-02,1.624615E+03,3.719909E-01,4.519151E+03,5.960996E+03,7.586148E-02,5.054053E+03,7.586148E-02,0.000000E+00,0.000000E+00,5.750791E-02,1.231563E+03,3.343185E-01,4.010009E+03,5.168447E+03,1.486567E-01,6.477446E+03,5.750791E-02,0.000000E+00,0.000000E+00,3.411443E-02,7.305792E+02,2.105313E-01,2.515109E+03,3.210869E+03,8.655871E-02,3.795293E+03,3.411443E-02,0.000000E+00,0.000000E+00,5.750791E-02,1.231563E+03,3.114746E-01,3.754950E+03,4.905972E+03,1.478298E-01,6.453444E+03,5.750791E-02,0.000000E+00,0.000000E+00,3.411443E-02,7.305792E+02,3.297679E-01,3.846385E+03,4.581070E+03,8.744533E-02,3.821032E+03,3.411443E-02,0.000000E+00,0.000000E+00
17:30:00,7.586148E-02,1.636431E+03,3.719860E-01,4.507304E+03,5.948823E+03,7.586148E-02,5.054053E+03,7.586148E-02,0.000000E+00,0.000000E+00,5.750791E-02,1.240520E+03,3.322054E-01,3.977482E+03,5.135032E+03,1.486569E-01,6.477450E+03,5.750791E-02,0.000000E+00,0.000000E+00,3.411443E-02,7.358927E+02,2.090234E-01,2.492973E+03,3.188131E+03,8.655875E-02,3.795294E+03,3.411443E-02,0.000000E+00,0.000000E+00,5.750791E-02,1.240520E+03,3.104862E-01,3.734978E+03,4.885535E+03,1.478300E-01,6.453447E+03,5.750791E-02,0.000000E+00,0.000000E+00,3.411443E-02,7.358927E+02,3.325469E-01,3.872125E+03,4.607340E+03,8.744536E-02,3.821033E+03,3.411443E-02,0.000000E+00,0.000000E+00
17:40:00,7.586148E-02,1.648246E+03,3.719835E-01,4.495485E+03,5.936698E+03,7.586148E-02,5.054053E+03,7.586148E-02,0.000000E+00,0.000000E+00,5.750791E-02,1.249477E+03,3.299692E-01,3.943579E+03,5.100069E+03,1.486570E-01,6.477453E+03,5.750791E-02,0.000000E+00,0.000000E+00,3.411443E-02,7.412061E+02,2.074439E-01,2.470038E+03,3.164488E+03,8.655878E-02,3.795295E+03,3.411443E-02,0.000000E+00,0.000000E+00,5.750791E-02,1.249477E+03,3.099741E-01,3.720324E+03,4.870795E+03,1.478301E-01,6.453450E+03,5.750791E-02,0.000000E+00,0.000000E+00,3.411443E-02,7.412061E+02,3.346485E-01,3.890302E+03,4.626033E+03,8.744539E-02,3.821034E+03,3.411443E-02,0.000000E+00,0.000000E+00
17:50:00,7.586148E-02,1.660062E+03,3.720123E-01,4.484015E+03,5.924946E+03,7.586148E-02,5.054053E+03,7.586148E-02,0.000000E+00,0.000000E+00,5.750791E-02,1.258434E+03,3.274504E-01,3.906521E+03,5.061632E+03,1.486571E-01,6.477457E+03,5.750791E-02,0.000000E+00,0.000000E+00,3.411443E-02,7.465195E+02,2.057293E-01,2.445593E+03,3.139182E+03,8.655882E-02,3.795296E+03,3.411443E-02,0.000000E+00,0.000000E+00,5.750791E-02,1.258434E+03,3.098889E-01,3.710437E+03,4.860689E+03,1.478302E-01,6.453453E+03,5.750791E-02,0.000000E+00,0.000000E+00,3.411443E-02,7.465195E+02,3.358491E-01,3.898419E+03,4.634400E+03,8.744543E-02,3.821035E+03,3.411443E-02,0.000000E+00,0.000000E+00
18:00:00,7.586148E-02,1.671878E+03,3.721076E-01,4.473275E+03,5.913970E+03,7.586148E-02,5.054053E+03,7.586148E-02,0.000000E+00,0.000000E+00,5.750791E-02,1.267392E+03,3.247496E-01,3.867420E+03,5.021161E+03,1.486572E-01,6.477461E+03,5.750791E-02,0.000000E+00,0.000000E+00,3.411443E-02,7.518330E+02,2.039398E-01,2.420307E+03,3.113045E+03,8.655885E-02,3.795297E+03,3.411443E-02,0.000000E+00,0.000000E+00,5.750791E-02,1.267392E+03,3.103756E-01,3.706924E+03,4.857190E+03,1.478303E-01,6.453456E+03,5.750791E-02,0.000000E+00,0.000000E+00,3.411443E-02,7.518330E+02,3.362430E-01,3.897517E+03,4.633790E+03,8.744546E-02,3.821036E+03,3.411443E-02,0.000000E+00,0.000000E+00
18:10:00,7.586148E-02,1.689601E+03,3.722574E-01,4.457225E+03,5.897573E+03,7.586148E-02,5.054053E+03,7.586148E-02,0.000000E+00,0.000000E+00,5.750791E-02,1.280827E+03,3.218351E-01,3.821444E+03,4.973576E+03,1.520556E-01,6.576118E+03,5.750791E-02,0.000000E+00,0.000000E+00,3.411443E-02,7.598031E+02,2.020713E-01,2.391475E+03,3.083251E+03,8.882435E-02,3.861067E+03,3.411443E-02,0.000000E+00,0.000000E+00,5.750791E-02,1.280827E+03,3.113669E-01,3.704556E+03,4.855014E+03,1.513856E-01,6.556671E+03,5.750791E-02,0.000000E+00,0.000000E+00,3.411443E-02,7.598031E+02,3.357701E-01,3.884269E+03,4.620639E+03,8.971096E-02,3.886806E+03,3.411443E-02,0.000000E+00,0.000000E+00
18:20:00,7.586148E-02,1.707325E+03,3.724512E-01,4.441666E+03,5.881695E+03,7.586148E-02,5.054053E+03,7.586148E-02,0.000000E+00,0.000000E+00,5.750791E-02,1.294263E+03,3.187017E-01,3.773024E+03,4.923348E+03,1.554549E-01,6.674807E+03,5.750791E-02,0.000000E+00,0.000000E+00,3.411443E-02,7.677732E+02,2.001292E-01,2.361820E+03,3.052556E+03,9.109062E-02,3.926860E+03,3.411443E-02,0.000000E+00,0.000000E+00,5.750791E-02,1.294263E+03,3.127017E-01,3.706024E+03,4.856960E+03,1.549420E-01,6.659920E+03,5.750791E-02,0.000000E+00,0.000000E+00,3.411443E-02,7.677732E+02,3.343273E-01,3.860191E+03,4.596398E+03,9.197722E-02,3.952599E+03,3.411443E-02,0.000000E+00,0.000000E+00
18:30:00,7.586148E-02,1.725048E+03,3.726574E-01,4.426244E+03,5.865973E+03,7.586148E-02,5.054053E+03,7.586148E-02,0.000000E+00,0.000000E+00,5.750791E-02,1.307698E+03,3.153548E-01,3.722218E+03,4.870542E+03,1.588562E-01,6.773553E+03,5.750791E-02,0.000000E+00,0.000000E+00,3.411443E-02,7.757434E+02,1.981222E-01,2.331441E+03,3.021064E+03,9.335798E-02,3.992687E+03,3.411443E-02,0.000000E+00,0.000000E+00,5.750791E-02,1.307698E+03,3.139828E-01,3.706892E+03,4.858351E+03,1.585003E-01,6.763225E+03,5.750791E-02,0.000000E+00,0.000000E+00,3.411443E-02,7.757434E+02,3.317609E-01,3.823567E+03,4.559291E+03,9.424459E-02,4.018426E+03,3.411443E-02,0.000000E+00,0.000000E+00
18:40:00,7.586148E-02,1.742772E+03,3.728209E-01,4.410346E+03,5.849748E+03,7.586148E-02,5.054053E+03,7.586148E-02,0.000000E+00,0.000000E+00,5.750791E-02,1.321134E+03,3.118002E-01,3.669095E+03,4.815217E+03,1.622597E-01,6.872372E+03,5.750791E-02,0.000000E+00,0.000000E+00,3.411443E-02,7.837135E+02,1.960560E-01,2.300401E+03,2.988839E+03,9.562682E-02,4.058561E+03,3.411443E-02,0.000000E+00,0.000000E+00,5.750791E-02,1.321134E+03,3.147275E-01,3.701771E+03,4.853403E+03,1.620610E-01,6.866606E+03,5.750791E-02,0.000000E+00,0.000000E+00,3.411443E-02,7.837135E+02,3.279454E-01,3.772996E+03,4.507877E+03,9.651345E-02,4.084301E+03,3.411443E-02,0.000000E+00,0.000000E+00
18:50:00,7.586148E-02,1.760495E+03,3.728830E-01,4.393316E+03,5.832325E+03,7.586148E-02,5.054053E+03,7.586148E-02,0.000000E+00,0.000000E+00,5.750791E-02,1.334569E+03,3.081819E-01,3.615260E+03,4.759208E+03,1.656652E-01,6.971251E+03,5.750791E-02,0.000000E+00,0.000000E+00,3.411443E-02,7.916837E+02,1.940004E-01,2.269480E+03,2.956768E+03,9.789687E-02,4.124473E+03,3.411443E-02,0.000000E+00,0.000000E+00,5.750791E-02,1.334569E+03,3.148611E-01,3.689827E+03,4.841370E+03,1.656236E-01,6.970049E+03,5.750791E-02,0.000000E+00,0.000000E+00,3.411443E-02,7.916837E+02,3.229442E-01,3.709188E+03,4.443003E+03,9.878352E-02,4.150214E+03,3.411443E-02,0.000000E+00,0.000000E+00
19:00:00,7.586148E-02,1.778219E+03,3.727950E-01,4.374611E+03,5.813126E+03,7.586148E-02,5.054053E+03,7.586148E-02,0.000000E+00,0.000000E+00,5.750791E-02,1.348005E+03,3.043981E-01,3.559577E+03,4.701201E+03,1.690722E-01,7.070182E+03,5.750791E-02,0.000000E+00,0.000000E+00,3.411443E-02,7.996538E+02,1.919088E-01,2.238157E+03,2.924258E+03,1.001679E-01,4.190419E+03,3.411443E-02,0.000000E+00,0.000000E+00,5.750791E-02,1.348005E+03,3.141108E-01,3.668014E+03,4.818853E+03,1.691878E-01,7.073545E+03,5.750791E-02,0.000000E+00,0.000000E+00,3.411443E-02,7.996538E+02,3.165432E-01,3.629750E+03,4.362103E+03,1.010546E-01,4.216160E+03,3.411443E-02,0.000000E+00,0.000000E+00
19:10:00,7.586148E-02,1.791216E+03,3.725206E-01,4.358550E+03,5.796559E+03,7.586148E-02,5.054053E+03,7.586148E-02,0.000000E+00,0.000000E+00,5.750791E-02,1.357858E+03,3.010508E-01,3.512350E+03,4.658560E+03,1.690824E-01,7.070502E+03,5.750791E-02,0.000000E+00,0.000000E+00,3.411443E-02,8.054986E+02,1.901718E-01,2.212917E+03,2.902771E+03,1.001744E-01,4.190622E+03,3.411443E-02,0.000000E+00,0.000000E+00,5.750791E-02,1.357858E+03,3.127445E-01,3.642907E+03,4.799657E+03,1.691983E-01,7.073872E+03,5.750791E-02,0.000000E+00,0.000000E+00,3.411443E-02,8.054986E+02,3.088398E-01,3.537893E+03,4.276259E+03,1.010611E-01,4.216364E+03,3.411443E-02,0.000000E+00,0.000000E+00
19:20:00,7.586148E-02,1.804213E+03,3.720335E-01,4.340114E+03,5.777482E+03,7.586148E-02,5.054053E+03,7.586148E-02,0.000000E+00,0.000000E+00,5.750791E-02,1.367710E+03,2.975435E-01,3.463334E+03,4.635303E+03,1.690927E-01,7.070826E+03,5.750791E-02,0.000000E+00,0.000000E+00,3.411443E-02,8.113433E+02,1.883691E-01,2.186942E+03,2.895727E+03,1.001809E-01,4.190825E+03,3.411443E-02,0.000000E+00,0.000000E+00,5.750791E-02,1.367710E+03,3.100308E-01,3.602752E+03,4.787965E+03,1.692088E-01,7.074203E+03,5.750791E-02,0.000000E+00,0.000000E+00,3.411443E-02,8.113433E+02,2.995248E-01,3.428039E+03,4.196297E+03,1.010676E-01,4.216569E+03,3.411443E-02,0.000000E+00,0.000000E+00
19:30:00,7.586148E-02,1.817210E+03,3.713163E-01,4.319109E+03,5.755689E+03,7.586148E-02,5.054053E+03,7.586148E-02,0.000000E+00,0.000000E+00,5.750791E-02,1.377563E+03,2.938693E-01,3.412452E+03,4.611001E+03,1.691023E-01,7.071125E+03,5.750791E-02,0.000000E+00,0.000000E+00,3.411443E-02,8.171881E+02,1.864789E-01,2.159988E+03,2.888054E+03,1.001870E-01,4.191016E+03,3.411443E-02,0.000000E+00,0.000000E+00,5.750791E-02,1.377563E+03,3.058225E-01,3.545908E+03,4.759469E+03,1.692186E-01,7.074509E+03,5.750791E-02,0.000000E+00,0.000000E+00,3.411443E-02,8.171881E+02,2.886526E-01,3.300795E+03,4.093913E+03,1.010737E-01,4.216760E+03,3.411443E-02,0.000000E+00,0.000000E+00
19:40:00,7.586148E-02,1.830207E+03,3.703619E-01,4.295456E+03,5.731105E+03,7.586148E-02,5.054053E+03,7.586148E-02,0.000000E+00,0.000000E+00,5.750791E-02,1.387416E+03,2.900643E-01,3.360108E+03,4.575224E+03,1.691104E-01,7.071378E+03,5.750791E-02,0.000000E+00,0.000000E+00,3.411443E-02,8.230329E+02,1.844986E-01,2.132027E+03,2.872012E+03,1.001921E-01,4.191177E+03,3.411443E-02,0.000000E+00,0.000000E+00,5.750791E-02,1.387416E+03,3.003820E-01,3.475303E+03,4.705530E+03,1.692269E-01,7.074769E+03,5.750791E-02,0.000000E+00,0.000000E+00,3.411443E-02,8.230329E+02,2.767901E-01,3.162493E+03,3.965608E+03,1.010789E-01,4.216922E+03,3.411443E-02,0.000000E+00,0.000000E+00
19:50:00,7.586148E-02,1.843205E+03,3.691867E-01,4.269337E+03,5.703939E+03,7.586148E-02,5.054053E+03,7.586148E-02,0.000000E+00,0.000000E+00,5.750791E-02,1.397269E+03,2.861382E-01,3.306411E+03,4.531175E+03,1.691173E-01,7.071595E+03,5.750791E-02,0.000000E+00,0.000000E+00,3.411443E-02,8.288777E+02,1.824148E-01,2.102910E+03,2.849868E+03,1.001966E-01,4.191317E+03,3.411443E-02,0.000000E+00,0.000000E+00,5.750791E-02,1.397269E+03,2.941570E-01,3.395941E+03,4.634842E+03,1.692340E-01,7.074992E+03,5.750791E-02,0.000000E+00,0.000000E+00,3.411443E-02,8.288777E+02,2.647079E-01,3.021736E+03,3.826929E+03,1.010834E-01,4.217062E+03,3.411443E-02,0.000000E+00,0.000000E+00
20:00:00,7.586148E-02,1.856202E+03,3.678329E-01,4.241225E+03,5.674702E+03,7.586148E-02,5.054053E+03,7.586148E-02,0.000000E+00,0.000000E+00,5.750791E-02,1.407121E+03,2.822682E-01,3.253340E+03,4.483840E+03,1.691234E-01,7.071782E+03,5.750791E-02,0.000000E+00,0.000000E+00,3.411443E-02,8.347224E+02,1.803025E-01,2.073474E+03,2.824610E+03,1.002005E-01,4.191437E+03,3.411443E-02,0.000000E+00,0.000000E+00,5.750791E-02,1.407121E+03,2.876702E-01,3.313653E+03,4.556172E+03,1.692402E-01,7.075184E+03,5.750791E-02,0.000000E+00,0.000000E+00,3.411443E-02,8.347224E+02,2.530806E-01,2.886061E+03,3.689106E+03,1.010873E-01,4.217183E+03,3.411443E-02,0.000000E+00,0.000000E+00
20:10:00,7.586148E-02,1.866836E+03,3.663574E-01,4.214116E+03,5.646475E+03,7.586148E-02,5.054053E+03,7.586148E-02,0.000000E+00,0.000000E+00,5.750791E-02,1.415183E+03,2.779738E-01,3.197322E+03,4.429683E+03,1.691287E-01,7.071945E+03,5.750791E-02,0.000000E+00,0.000000E+00,3.411443E-02,8.395045E+02,1.778208E-01,2.040977E+03,2.793609E+03,1.002040E-01,4.191542E+03,3.411443E-02,0.000000E+00,0.000000E+00,5.750791E-02,1.415183E+03,2.808540E-01,3.229479E+03,4.471006E+03,1.692457E-01,7.075351E+03,5.750791E-02,0.000000E+00,0.000000E+00,3.411443E-02,8.395045E+02,2.421835E-01,2.759601E+03,3.557675E+03,1.010907E-01,4.217288E+03,3.411443E-02,0.000000E+00,0.000000E+00
20:20:00,7.586148E-02,1.877470E+03,3.648224E-01,4.186343E+03,5.617556E+03,7.586148E-02,5.054053E+03,7.586148E-02,0.000000E+00,0.000000E+00,5.750791E-02,1.423244E+03,2.739092E-01,3.143872E+03,4.376348E+03,1.691334E-01,7.072087E+03,5.750791E-02,0.000000E+00,0.000000E+00,3.411443E-02,8.442866E+02,1.754087E-01,2.009260E+03,2.762155E+03,1.002070E-01,4.191634E+03,3.411443E-02,0.000000E+00,0.000000E+00,5.750791E-02,1.423244E+03,2.746358E-01,3.151985E+03,4.390736E+03,1.692504E-01,7.075496E+03,5.750791E-02,0.000000E+00,0.000000E+00,3.411443E-02,8.442866E+02,2.326377E-01,2.648232E+03,3.440627E+03,1.010937E-01,4.217379E+03,3.411443E-02,0.000000E+00,0.000000E+00
20:30:00,7.586148E-02,1.888104E+03,3.632896E-01,4.158596E+03,5.588671E+03,7.586148E-02,5.054053E+03,7.586148E-02,0.000000E+00,0.000000E+00,5.750791E-02,1.431305E+03,2.701333E-01,3.093649E+03,4.325250E+03,1.691374E-01,7.072210E+03,5.750791E-02,0.000000E+00,0.000000E+00,3.411443E-02,8.490687E+02,1.731079E-01,1.978785E+03,2.731214E+03,1.002096E-01,4.191714E+03,3.411443E-02,0.000000E+00,0.000000E+00,5.750791E-02,1.431305E+03,2.694195E-01,3.085679E+03,4.321735E+03,1.692546E-01,7.075623E+03,5.750791E-02,0.000000E+00,0.000000E+00,3.411443E-02,8.490687E+02,2.247114E-01,2.554949E+03,3.342463E+03,1.010964E-01,4.217460E+03,3.411443E-02,0.000000E+00,0.000000E+00
20:40:00,7.586148E-02,1.898738E+03,3.618156E-01,4.131504E+03,5.560500E+03,7.586148E-02,5.054053E+03,7.586148E-02,0.000000E+00,0.000000E+00,5.750791E-02,1.439367E+03,2.666581E-01,3.046783E+03,4.277013E+03,1.691410E-01,7.072318E+03,5.750791E-02,0.000000E+00,0.000000E+00,3.411443E-02,8.538508E+02,1.709390E-01,1.949786E+03,2.701359E+03,1.002120E-01,4.191785E+03,3.411443E-02,0.000000E+00,0.000000E+00,5.750791E-02,1.439367E+03,2.651168E-01,3.029574E+03,4.263516E+03,1.692583E-01,7.075733E+03,5.750791E-02,0.000000E+00,0.000000E+00,3.411443E-02,8.538508E+02,2.181578E-01,2.476992E+03,3.260672E+03,1.010987E-01,4.217530E+03,3.411443E-02,0.000000E+00,0.000000E+00
20:50:00,7.586148E-02,1.909372E+03,3.604605E-01,4.105739E+03,5.533591E+03,7.586148E-02,5.054053E+03,7.586148E-02,0.000000E+00,0.000000E+00,5.750791E-02,1.447428E+03,2.635453E-01,3.003965E+03,4.232036E+03,1.691441E-01,7.072412E+03,5.750791E-02,0.000000E+00,0.000000E+00,3.411443E-02,8.586329E+02,1.689486E-01,1.922780E+03,2.672940E+03,1.002140E-01,4.191846E+03,3.411443E-02,0.000000E+00,0.000000E+00,5.750791E-02,1.447428E+03,2.614830E-01,2.980938E+03,4.212340E+03,1.692615E-01,7.075830E+03,5.750791E-02,0.000000E+00,0.000000E+00,3.411443E-02,8.586329E+02,2.125557E-01,2.409660E+03,3.189210E+03,1.011007E-01,4.217591E+03,3.411443E-02,0.000000E+00,0.000000E+00
21:00:00,7.586148E-02,1.920006E+03,3.591959E-01,4.080965E+03,5.507566E+03,7.586148E-02,5.054053E+03,7.586148E-02,0.000000E+00,0.000000E+00,5.750791E-02,1.455489E+03,2.606245E-01,2.963271E+03,4.188345E+03,1.691469E-01,7.072495E+03,5.750791E-02,0.000000E+00,0.000000E+00,3.411443E-02,8.634149E+02,1.670550E-01,1.896841E+03,2.645056E+03,1.002158E-01,4.191900E+03,3.411443E-02,0.000000E+00,0.000000E+00,5.750791E-02,1.455489E+03,2.581432E-01,2.935566E+03,4.163549E+03,1.692643E-01,7.075915E+03,5.750791E-02,0.000000E+00,0.000000E+00,3.411443E-02,8.634149E+02,2.075215E-01,2.348653E+03,3.123599E+03,1.011025E-01,4.217645E+03,3.411443E-02,0.000000E+00,0.000000E+00
21:10:00,7.586148E-02,1.930641E+03,3.580385E-01,4.057386E+03,5.483219E+03,7.586148E-02,5.054053E+03,7.586148E-02,0.000000E+00,0.000000E+00,5.750791E-02,1.463551E+03,2.578668E-01,2.924398E+03,4.147841E+03,1.691493E-01,7.072567E+03,5.750791E-02,0.000000E+00,0.000000E+00,3.411443E-02,8.681970E+02,1.652468E-01,1.871856E+03,2.618954E+03,1.002174E-01,4.191948E+03,3.411443E-02,0.000000E+00,0.000000E+00,5.750791E-02,1.463551E+03,2.550215E-01,2.892628E+03,4.118808E+03,1.692668E-01,7.075989E+03,5.750791E-02,0.000000E+00,0.000000E+00,3.411443E-02,8.681970E+02,2.029413E-01,2.292716E+03,3.065050E+03,1.011041E-01,4.217692E+03,3.411443E-02,0.000000E+00,0.000000E+00
21:20:00,7.586148E-02,1.941275E+03,3.569663E-01,4.034759E+03,5.459885E+03,7.586148E-02,5.054053E+03,7.586148E-02,0.000000E+00,0.000000E+00,5.750791E-02,1.471612E+03,2.552415E-01,2.887003E+03,4.108687E+03,1.691515E-01,7.072632E+03,5.750791E-02,0.000000E+00,0.000000E+00,3.411443E-02,8.729791E+02,1.635103E-01,1.847672E+03,2.593580E+03,1.002188E-01,4.191990E+03,3.411443E-02,0.000000E+00,0.000000E+00,5.750791E-02,1.471612E+03,2.520779E-01,2.851680E+03,4.075914E+03,1.692690E-01,7.076056E+03,5.750791E-02,0.000000E+00,0.000000E+00,3.411443E-02,8.729791E+02,1.987470E-01,2.241089E+03,3.010931E+03,1.011055E-01,4.217734E+03,3.411443E-02,0.000000E+00,0.000000E+00
21:30:00,7.586148E-02,1.951909E+03,3.559691E-01,4.012968E+03,5.437435E+03,7.586148E-02,5.054053E+03,7.586148E-02,0.000000E+00,0.000000E+00,5.750791E-02,1.479673E+03,2.527355E-01,2.850942E+03,4.070799E+03,1.691534E-01,7.072689E+03,5.750791E-02,0.000000E+00,0.000000E+00,3.411443E-02,8.777612E+02,1.618397E-01,1.824224E+03,2.568906E+03,1.002201E-01,4.192028E+03,3.411443E-02,0.000000E+00,0.000000E+00,5.750791E-02,1.479673E+03,2.492931E-01,2.812505E+03,4.034720E+03,1.692710E-01,7.076114E+03,5.750791E-02,0.000000E+00,0.000000E+00,3.411443E-02,8.777612E+02,1.948899E-01,2.193226E+03,2.960704E+03,1.011068E-01,4.217772E+03,3.411443E-02,0.000000E+00,0.000000E+00
21:40:00,7.586148E-02,1.962543E+03,3.550368E-01,3.991903E+03,5.415752E+03,7.586148E-02,5.054053E+03,7.586148E-02,0.000000E+00,0.000000E+00,5.750791E-02,1.487735E+03,2.503360E-01,2.816069E+03,4.034065E+03,1.691551E-01,7.072740E+03,5.750791E-02,0.000000E+00,0.000000E+00,3.411443E-02,8.825433E+02,1.602291E-01,1.801447E+03,2.544888E+03,1.002212E-01,4.192061E+03,3.411443E-02,0.000000E+00,0.000000E+00,5.750791E-02,1.487735E+03,2.466506E-01,2.774920E+03,3.995085E+03,1.692728E-01,7.076167E+03,5.750791E-02,0.000000E+00,0.000000E+00,3.411443E-02,8.825433E+02,1.913286E-01,2.148667E+03,2.913902E+03,1.011079E-01,4.217805E+03,3.411443E-02,0.000000E+00,0.000000E+00
21:50:00,7.586148E-02,1.973177E+03,3.541376E-01,3.971206E+03,5.394427E+03,7.586148E-02,5.054053E+03,7.586148E-02,0.000000E+00,0.000000E+00,5.750791E-02,1.495796E+03,2.480062E-01,2.781975E+03,3.998030E+03,1.691567E-01,7.072786E+03,5.750791E-02,0.000000E+00,0.000000E+00,3.411443E-02,8.873254E+02,1.586579E-01,1.779109E+03,2.521264E+03,1.002222E-01,4.192091E+03,3.411443E-02,0.000000E+00,0.000000E+00,5.750791E-02,1.495796E+03,2.441106E-01,2.738480E+03,3.956522E+03,1.692744E-01,7.076214E+03,5.750791E-02,0.000000E+00,0.000000E+00,3.411443E-02,8.873254E+02,1.880126E-01,2.106847E+03,2.869920E+03,1.011089E-01,4.217835E+03,3.411443E-02,0.000000E+00,0.000000E+00
22:00:00,7.586148E-02,1.983811E+03,3.533031E-01,3.951252E+03,5.373893E+03,7.586148E-02,5.054053E+03,7.586148E-02,0.000000E+00,0.000000E+00,5.750791E-02,1.503857E+03,2.457777E-01,2.749032E+03,3.963181E+03,1.691581E-01,7.072827E+03,5.750791E-02,0.000000E+00,0.000000E+00,3.411443E-02,8.921075E+02,1.571462E-01,1.757447E+03,2.498341E+03,1.002231E-01,4.192118E+03,3.411443E-02,0.000000E+00,0.000000E+00,5.750791E-02,1.503857E+03,2.417037E-01,2.703544E+03,3.919515E+03,1.692758E-01,7.076256E+03,5.750791E-02,0.000000E+00,0.000000E+00,3.411443E-02,8.921075E+02,1.849343E-01,2.067695E+03,2.828725E+03,1.011098E-01,4.217861E+03,3.411443E-02,0.000000E+00,0.000000E+00
22:10:00,7.586148E-02,1.992082E+03,3.525032E-01,3.934050E+03,5.356167E+03,7.586148E-02,5.054053E+03,7.586148E-02,0.000000E+00,0.000000E+00,5.750791E-02,1.510127E+03,2.436348E-01,2.718837E+03,3.931149E+03,1.691594E-01,7.072865E+03,5.750791E-02,0.000000E+00,0.000000E+00,3.411443E-02,8.958269E+02,1.556852E-01,1.737417E+03,2.477090E+03,1.002240E-01,4.192142E+03,3.411443E-02,0.000000E+00,0.000000E+00,5.750791E-02,1.510127E+03,2.394078E-01,2.671641E+03,3.885616E+03,1.692771E-01,7.076294E+03,5.750791E-02,0.000000E+00,0.000000E+00,3.411443E-02,8.958269E+02,1.820649E-01,2.031939E+03,2.791055E+03,1.011107E-01,4.217886E+03,3.411443E-02,0.000000E+00,0.000000E+00
22:20:00,7.586148E-02,2.000353E+03,3.517424E-01,3.917285E+03,5.338894E+03,7.586148E-02,5.054053E+03,7.586148E-02,0.000000E+00,0.000000E+00,5.750791E-02,1.516397E+03,2.415811E-01,2.689638E+03,3.900142E+03,1.691605E-01,7.072899E+03,5.750791E-02,0.000000E+00,0.000000E+00,3.411443E-02,8.995463E+02,1.542777E-01,1.717983E+03,2.456453E+03,1.002247E-01,4.192164E+03,3.411443E-02,0.000000E+00,0.000000E+00,5.750791E-02,1.516397E+03,2.372237E-01,2.640986E+03,3.853005E+03,1.692783E-01,7.076329E+03,5.750791E-02,0.000000E+00,0.000000E+00,3.411443E-02,8.995463E+02,1.793869E-01,1.998320E+03,2.755612E+03,1.011114E-01,4.217908E+03,3.411443E-02,0.000000E+00,0.000000E+00
22:30:00,7.586148E-02,2.008624E+03,3.510149E-01,3.900890E+03,5.322004E+03,7.586148E-02,5.054053E+03,7.586148E-02,0.000000E+00,0.000000E+00,5.750791E-02,1.522667E+03,2.396089E-01,2.661348E+03,3.870064E+03,1.691616E-01,7.072931E+03,5.750791E-02,0.000000E+00,0.000000E+00,3.411443E-02,9.032657E+02,1.529196E-01,1.699101E+03,2.436380E+03,1.002254E-01,4.192185E+03,3.411443E-02,0.000000E+00,0.000000E+00,5.750791E-02,1.522667E+03,2.351410E-01,2.611463E+03,3.821560E+03,1.692794E-01,7.076362E+03,5.750791E-02,0.000000E+00,0.000000E+00,3.411443E-02,9.032657E+02,1.768796E-01,1.966607E+03,2.722147E+03,1.011121E-01,4.217928E+03,3.411443E-02,0.000000E+00,0.000000E+00
22:40:00,7.586148E-02,2.016895E+03,3.503166E-01,3.884823E+03,5.305447E+03,7.586148E-02,5.054053E+03,7.586148E-02,0.000000E+00,0.000000E+00,5.750791E-02,1.528937E+03,2.377127E-01,2.633908E+03,3.840859E+03,1.691626E-01,7.072960E+03,5.750791E-02,0.000000E+00,0.000000E+00,3.411443E-02,9.069851E+02,1.516083E-01,1.680742E+03,2.416844E+03,1.002261E-01,4.192203E+03,3.411443E-02,0.000000E+00,0.000000E+00,5.750791E-02,1.528937E+03,2.331521E-01,2.582988E+03,3.791200E+03,1.692804E-01,7.076391E+03,5.750791E-02,0.000000E+00,0.000000E+00,3.411443E-02,9.069851E+02,1.745254E-01,1.936603E+03,2.690461E+03,1.011127E-01,4.217947E+03,3.411443E-02,0.000000E+00,0.000000E+00
22:50:00,7.586148E-02,2.025166E+03,3.496442E-01,3.869045E+03,5.289187E+03,7.586148E-02,5.054053E+03,7.586148E-02,0.000000E+00,0.000000E+00,5.750791E-02,1.535207E+03,2.358882E-01,2.607268E+03,3.812492E+03,1.691635E-01,7.072987E+03,5.750791E-02,0.000000E+00,0.000000E+00,3.411443E-02,9.107045E+02,1.503416E-01,1.662879E+03,2.397829E+03,1.002267E-01,4.192221E+03,3.411443E-02,0.000000E+00,0.000000E+00,5.750791E-02,1.535207E+03,2.312511E-01,2.555494E+03,3.761872E+03,1.692814E-01,7.076419E+03,5.750791E-02,0.000000E+00,0.000000E+00,3.411443E-02,9.107045E+02,1.723092E-01,1.908141E+03,2.660386E+03,1.011133E-01,4.217964E+03,3.411443E-02,0.000000E+00,0.000000E+00
23:00:00,7.586148E-02,2.033437E+03,3.489949E-01,3.853524E+03,5.273191E+03,7.586148E-02,5.054053E+03,7.586148E-02,0.000000E+00,0.000000E+00,5.750791E-02,1.541477E+03,2.341317E-01,2.581388E+03,3.784933E+03,1.691644E-01,7.073012E+03,5.750791E-02,0.000000E+00,0.000000E+00,3.411443E-02,9.144239E+02,1.491179E-01,1.645498E+03,2.379323E+03,1.002272E-01,4.192237E+03,3.411443E-02,0.000000E+00,0.000000E+00,5.750791E-02,1.541477E+03,2.294310E-01,2.528903E+03,3.733502E+03,1.692823E-01,7.076445E+03,5.750791E-02,0.000000E+00,0.000000E+00,3.411443E-02,9.144239E+02,1.702180E-01,1.881073E+03,2.631776E+03,1.011139E-01,4.217980E+03,3.411443E-02,0.000000E+00,0.000000E+00
23:10:00,7.586148E-02,2.041708E+03,3.483661E-01,3.838233E+03,5.257429E+03,7.586148E-02,5.054053E+03,7.586148E-02,0.000000E+00,0.000000E+00,5.750791E-02,1.547747E+03,2.324234E-01,2.556045E+03,3.757921E+03,1.691652E-01,7.073036E+03,5.750791E-02,0.000000E+00,0.000000E+00,3.411443E-02,9.181433E+02,1.479265E-01,1.628477E+03,2.361188E+03,1.002277E-01,4.192252E+03,3.411443E-02,0.000000E+00,0.000000E+00,5.750791E-02,1.547747E+03,2.276681E-01,2.502951E+03,3.705774E+03,1.692831E-01,7.076469E+03,5.750791E-02,0.000000E+00,0.000000E+00,3.411443E-02,9.181433E+02,1.682298E-01,1.855156E+03,2.604361E+03,1.011144E-01,4.217995E+03,3.411443E-02,0.000000E+00,0.000000E+00
23:20:00,7.586148E-02,2.049979E+03,3.477557E-01,3.823146E+03,5.241875E+03,7.586148E-02,5.054053E+03,7.586148E-02,0.000000E+00,0.000000E+00,5.750791E-02,1.554017E+03,2.307600E-01,2.531203E+03,3.731419E+03,1.691660E-01,7.073059E+03,5.750791E-02,0.000000E+00,0.000000E+00,3.411443E-02,9.218627E+02,1.467627E-01,1.611765E+03,2.343361E+03,1.002282E-01,4.192266E+03,3.411443E-02,0.000000E+00,0.000000E+00,5.750791E-02,1.554017E+03,2.259551E-01,2.477555E+03,3.678610E+03,1.692839E-01,7.076492E+03,5.750791E-02,0.000000E+00,0.000000E+00,3.411443E-02,9.218627E+02,1.663343E-01,1.830274E+03,2.578021E+03,1.011149E-01,4.218009E+03,3.411443E-02,0.000000E+00,0.000000E+00
23:30:00,7.586148E-02,2.058250E+03,3.471614E-01,3.808240E+03,5.226507E+03,7.586148E-02,5.054053E+03,7.586148E-02,0.000000E+00,0.000000E+00,5.750791E-02,1.560287E+03,2.291342E-01,2.506782E+03,3.705339E+03,1.691667E-01,7.073080E+03,5.750791E-02,0.000000E+00,0.000000E+00,3.411443E-02,9.255821E+02,1.456229E-01,1.595320E+03,2.325803E+03,1.002287E-01,4.192279E+03,3.411443E-02,0.000000E+00,0.000000E+00,5.750791E-02,1.560287E+03,2.242857E-01,2.452647E+03,3.651942E+03,1.692846E-01,7.076514E+03,5.750791E-02,0.000000E+00,0.000000E+00,3.411443E-02,9.255821E+02,1.645229E-01,1.806331E+03,2.552657E+03,1.011153E-01,4.218023E+03,3.411443E-02,0.000000E+00,0.000000E+00
23:40:00,7.586148E-02,2.066521E+03,3.465815E-01,3.793495E+03,5.211301E+03,7.586148E-02,5.054053E+03,7.586148E-02,0.000000E+00,0.000000E+00,5.750791E-02,1.566556E+03,2.275407E-01,2.482722E+03,3.679617E+03,1.691674E-01,7.073100E+03,5.750791E-02,0.000000E+00,0.000000E+00,3.411443E-02,9.293015E+02,1.445042E-01,1.579110E+03,2.308483E+03,1.002291E-01,4.192292E+03,3.411443E-02,0.000000E+00,0.000000E+00,5.750791E-02,1.566556E+03,2.226543E-01,2.428163E+03,3.625704E+03,1.692853E-01,7.076535E+03,5.750791E-02,0.000000E+00,0.000000E+00,3.411443E-02,9.293015E+02,1.627885E-01,1.783247E+03,2.528187E+03,1.011158E-01,4.218035E+03,3.411443E-02,0.000000E+00,0.000000E+00
23:50:00,7.586148E-02,2.074792E+03,3.460145E-01,3.778892E+03,5.196241E+03,7.586148E-02,5.054053E+03,7.586148E-02,0.000000E+00,0.000000E+00,5.750791E-02,1.572826E+03,2.259752E-01,2.458973E+03,3.654209E+03,1.691681E-01,7.073120E+03,5.750791E-02,0.000000E+00,0.000000E+00,3.411443E-02,9.330209E+02,1.434039E-01,1.563106E+03,2.291370E+03,1.002295E-01,4.192304E+03,3.411443E-02,0.000000E+00,0.000000E+00,5.750791E-02,1.572826E+03,2.210544E-01,2.404032E+03,3.599817E+03,1.692860E-01,7.076554E+03,5.750791E-02,0.000000E+00,0.000000E+00,3.411443E-02,9.330209E+02,1.611246E-01,1.760951E+03,2.504536E+03,1.011162E-01,4.218047E+03,3.411443E-02,0.000000E+00,0.000000E+00
24:00:00,7.586148E-02,2.083063E+03,3.454588E-01,3.764417E+03,5.181311E+03,7.586148E-02,5.054053E+03,7.586148E-02,0.000000E+00,0.000000E+00,5.750791E-02,1.579096E+03,2.244333E-01,2.435489E+03,3.629064E+03,1.691687E-01,7.073138E+03,5.750791E-02,0.000000E+00,0.000000E+00,3.411443E-02,9.367403E+02,1.423191E-01,1.547276E+03,2.274429E+03,1.002299E-01,4.192316E+03,3.411443E-02,0.000000E+00,0.000000E+00,5.750791E-02,1.579096E+03,2.194814E-01,2.380201E+03,3.574225E+03,1.692867E-01,7.076573E+03,5.750791E-02,0.000000E+00,0.000000E+00,3.411443E-02,9.367403E+02,1.595220E-01,1.739339E+03,2.481591E+03,1.011166E-01,4.218059E+03,3.411443E-02,0.000000E+00,0.000000E+00
Coinc Peak   ,7.586148E-02,3.728830E-01,5.054053E+03,4.593786E+03,1.691687E-01,3.761089E-01,7.073138E+03,4.569680E+03,1.002299E-01,2.960686E-01,4.192316E+03,3.391260E+03,1.692867E-01,3.167021E-01,7.076573E+03,3.891748E+03,1.011166E-01,3.362430E-01,4.218059E+03,3.898419E+03
NonCoinc Peak,7.586148E-02,3.728830E-01,5.054053E+03,4.593786E+03,1.691687E-01,3.761089E-01,7.073138E+03,4.569680E+03,1.002299E-01,2.960686E-01,4.192316E+03,3.391260E+03,1.692867E-01,3.167021E-01,7.076573E+03,3.891748E+03,1.011166E-01,3.362430E-01,4.218059E+03,3.898419E+03
